,title,address,project_name,apartment_code,block_name,block_code,square,square_area,square_in_use,bedroom,wc,num_floor,floor,width,height,door,balcony,certificates,house_type,estate_type,office_type,apartment_type,status,furniture_status,estate_status,apartment_specific,house_specific,_type,price_m2,price_square
0,Nhà 1 sẹt đường kinh dương vương Quận Bình Tân,"Đường Kinh Dương Vương, Phường An Lạc A, Quận Bình Tân, Tp Hồ Chí Minh",[],[],[],[],[],145 m²,60 m²,6 phòng,5 phòng,3,[],4 m,14 m,[],[],['Đã có sổ'],['Nhà biệt thự'],[],[],[],[],['Nội thất đầy đủ'],[],[],[],[],"50,34 triệu/m²","7,3 tỷ- 145 m2đ"
1,Định cư nước ngoài bán lại biệt thử khu tên lửa,"Đường Số 2, Phường Bình Trị Đông B, Quận Bình Tân, Tp Hồ Chí Minh",[],[],[],[],[],120 m²,120 m²,6 phòng,6 phòng,4,[],10 m,12 m,[],[],['Đã có sổ'],['Nhà biệt thự'],[],[],[],[],[],[],[],['Hẻm xe hơi'],[],"112,5 triệu/m²","13,5 tỷ- 120 m2đ"
2,"bán nhà gấp KDC Bình Tân, hẻm 8M, SHR","Đường Nguyễn Thị Tú, Phường Bình Hưng Hoà A, Quận Bình Tân, Tp Hồ Chí Minh",[],[],[],[],[],60 m²,190 m²,5 phòng,5 phòng,[],[],4.5 m,14 m,['Đông Bắc'],[],[],['Nhà biệt thự'],[],[],[],[],[],[],[],[],[],"33,33 triệu/m²",2 tỷ- 60 m2đ
3,Nhà 1 trệt 1 lầu ngang 4m dài 13m đường 12.F bhh,"Đường Số 12, Phường Bình Hưng Hòa, Quận Bình Tân, Tp Hồ Chí Minh",[],[],[],[],[],107 m²,107 m²,2 phòng,2 phòng,2,[],4 m,12.5 m,['Đông'],[],['Đã có sổ'],['Nhà phố liền kề'],[],[],[],[],['Nội thất cao cấp'],[],[],['Hẻm xe hơi'],[],36.448 đ/m²,"3,9 triệu- 107 m2đ"
4,"Biệt thự 7x20m Đường 17A nối dài, Bình trị Đông B","88, Đường 17A, Phường Bình Trị Đông B, Quận Bình Tân, Tp Hồ Chí Minh",[],88,A,[],[],140 m²,300 m²,6 phòng,4 phòng,3,[],7 m,20 m,['Tây Bắc'],[],['Đã có sổ'],['Nhà biệt thự'],[],[],[],[],[],[],[],['Hẻm xe hơi'],[],"114,29 triệu/m²",16 tỷ- 140 m2đ
5,Biệt thự mini 6×14m lửng 4 lầu lê văn quới hẻm 8m,"', Đường Lê Văn Quới, Phường Bình Hưng Hoà A, Quận Bình Tân, Tp Hồ Chí Minh",[],[],[],[],[],84 m²,84 m²,6 phòng,6 phòng,4,[],6 m,14 m,['Nam'],[],['Đã có sổ'],['Nhà biệt thự'],[],[],[],[],[],[],[],"['Hẻm xe hơi', 'Nở hậu']",[],"63,1 triệu/m²","5,3 tỷ- 84 m2đ"
6,"Cần bán nhà hẻm đường Cầu Kinh, Q Bình Tân","Đường Cầu Kinh, Phường Tân Tạo A, Quận Bình Tân, Tp Hồ Chí Minh",[],[],[],[],[],66 m²,66 m²,2 phòng,1 phòng,1,[],4 m,17 m,['Tây'],[],['Đã có sổ'],['Nhà phố liền kề'],[],[],[],[],[],[],[],['Hẻm xe hơi'],[],"48,48 triệu/m²","3,2 tỷ- 66 m2đ"
7,✨HÀNG ĐỘC✨ - BIỆT THỰ KIỂU PHÁP -Giá:15TỶ800,"Đường Hương lộ 80, Phường Bình Hưng Hoà B, Quận Bình Tân, Tp Hồ Chí Minh",[],[],[],[],[],240 m²,240 m²,5 phòng,5 phòng,3,[],15 m,16 m,[],[],['Đã có sổ'],['Nhà biệt thự'],[],[],[],[],[],[],[],['Hẻm xe hơi'],[],"65,83 triệu/m²","15,8 tỷ
GIÁ TỐT
- 240 m2đ"
8,"Bán biệt thự khu Tên Lửa,8x20m,3.5 tấm,giá 16.8 tỷ","Đường 5, Phường Bình Trị Đông B, Quận Bình Tân, Tp Hồ Chí Minh",[],[],[],[],[],160 m²,[],4 phòng,4 phòng,3,[],8 m,20 m,['Bắc'],[],['Đã có sổ'],['Nhà biệt thự'],[],[],[],[],['Hoàn thiện cơ bản'],[],[],[],[],105 triệu/m²,"16,8 tỷ- 160 m2đ"
9,Nhà phố cao cấp chưa qua đầu tư đường 12m,"Đường Nguyễn Thị Tú, Phường Bình Hưng Hoà B, Quận Bình Tân, Tp Hồ Chí Minh",[],[],[],[],[],74 m²,300 m²,4 phòng,6 phòng,4,[],4 m,19 m,['Đông'],[],['Đã có sổ'],['Nhà phố liền kề'],[],[],[],[],['Hoàn thiện cơ bản'],[],[],['Hẻm xe hơi'],[],"95,95 triệu/m²","7,1 tỷ- 74 m2đ"
10,Nhà 1 trệt 2 lầu 100m2 cần bán,"Đường Số 28, Phường Bình Trị Đông B, Quận Bình Tân, Tp Hồ Chí Minh",[],[],[],[],[],100 m²,160 m²,4 phòng,3 phòng,[],[],4 m,18 m,['Đông Bắc'],[],['Đã có sổ'],['Nhà phố liền kề'],[],[],[],[],['Nội thất đầy đủ'],[],[],"['Hẻm xe hơi', 'Nở hậu']",[],"19,8 triệu/m²","1,98 tỷ- 100 m2đ"
11,Biệt thự mini đường bình trị đông dt4x16 đúc 4 tấm,"Đường Bình Trị Đông, Phường Bình Trị Đông, Quận Bình Tân, Tp Hồ Chí Minh",[],[],[],[],[],64 m²,[],5 phòng,6 phòng,[],[],4 m,16 m,['Tây'],[],[],['Nhà biệt thự'],[],[],[],[],[],[],[],[],[],"67,19 triệu/m²","4,3 tỷ- 64 m2đ"
12,"Chính Chủ Bán Biệt Thự Liên Khu 5-6 , P , BHH","Đường Liên Khu 5 - 6, Phường Bình Hưng Hoà B, Quận Bình Tân, Tp Hồ Chí Minh",[],[],[],[],[],500 m²,850 m²,5 phòng,5 phòng,[],[],17 m,29 m,['Đông Bắc'],[],['Đã có sổ'],['Nhà biệt thự'],[],[],[],[],['Nội thất đầy đủ'],[],[],"['Hẻm xe hơi', 'Nở hậu']",[],80 triệu/m²,"40 tỷ
GIÁ TỐT
- 500 m2đ"
13,"Nhà mới HXH 8m Hương Lộ 2, 4x17,5m, nhà gần bốn xã","hương lộ 2, Phường Bình Trị Đông A, Quận Bình Tân, Tp Hồ Chí Minh",[],[],[],[],[],70 m²,200 m²,5 phòng,5 phòng,[],[],4 m,17 m,[],[],['Đã có sổ'],['Nhà phố liền kề'],[],[],[],[],[],[],[],"['Hẻm xe hơi', 'Nở hậu']",[],"62,14 triệu/m²","4,35 tỷ- 70 m2đ"
14,Bán biệt thự đường Lê đình cẩn dt5x20 đúc 4 tấm,"Đường Lê Đình Cẩn, Phường Tân Tạo, Quận Bình Tân, Tp Hồ Chí Minh",[],[],[],[],[],400 m²,[],6 phòng,6 phòng,[],[],5 m,20 m,['Tây'],[],['Đã có sổ'],['Nhà biệt thự'],[],[],[],[],['Nội thất cao cấp'],[],[],['Hẻm xe hơi'],[],"10,75 triệu/m²","4,3 tỷ- 400 m2đ"
15,"Bán nhà 28 phòng ngủ, Đường số 2, Q.Bình Tân","Đường Số 2, Phường Bình Hưng Hòa, Quận Bình Tân, Tp Hồ Chí Minh",[],[],[],[],[],156 m²,524 m²,nhiều hơn 10 phòng,Nhiều hơn 6 phòng,4,[],8 m,20 m,['Tây'],[],['Đã có sổ'],['Nhà biệt thự'],[],[],[],[],[],[],[],['Hẻm xe hơi'],[],"62,18 triệu/m²","9,7 tỷ- 156 m2đ"
16,"Bán nhà lộ 6m, 4x15m, 3t, NTCC, gần chợ Bình thành","107, lien khu 4-5, Phường Bình Hưng Hoà B, Quận Bình Tân, Tp Hồ Chí Minh",[],[],[],[],[],60 m²,180 m²,4 phòng,4 phòng,[],[],4 m,15 m,['Nam'],[],[],['Nhà phố liền kề'],[],[],[],[],[],[],[],[],[],"54,17 triệu/m²","3,25 tỷ
GIÁ TỐT
- 60 m2đ"
17,Bán lỗ vốn nhà 3 lầu ngã 4 Gò Mây Sổ Hồng Riêng,"Đường Số 1, Phường Bình Hưng Hoà B, Quận Bình Tân, Tp Hồ Chí Minh",[],[],[],[],[],56 m²,216 m²,4 phòng,5 phòng,3,[],4 m,14 m,['Nam'],[],['Đã có sổ'],['Nhà phố liền kề'],[],[],[],[],['Nội thất cao cấp'],[],[],['Hẻm xe hơi'],[],"58,75 triệu/m²","3,29 tỷ- 56 m2đ"
18,Nhà đúc 4tấm sổ hồng hoàn công Hươnglộ2 Q.Bình Tân,"Đường Tây Lân, Phường Bình Trị Đông A, Quận Bình Tân, Tp Hồ Chí Minh",[],[],[],[],[],30 m²,120 m²,3 phòng,4 phòng,4,[],4 m,7 m,[],[],['Đã có sổ'],['Nhà phố liền kề'],[],[],[],[],['Nội thất cao cấp'],[],[],['Hẻm xe hơi'],[],"55,33 triệu/m²","1,66 tỷ- 30 m2đ"
19,Bán Gấp Biệt Thự Lê Văn Quới,"Đường Lê Văn Quới, Phường Bình Hưng Hoà A, Quận Bình Tân, Tp Hồ Chí Minh",[],[],[],[],[],90 m²,[],6 phòng,5 phòng,[],[],6 m,15 m,[],[],['Đã có sổ'],['Nhà biệt thự'],[],[],[],[],[],[],[],['Hẻm xe hơi'],[],50 triệu/m²,"4,5 tỷ- 90 m2đ"
20,Biệt thự 218m2 gần ngã tư Gò Mây chỉ 10tỷ,"Đường Hồ Văn Long, Phường Bình Hưng Hoà B, Quận Bình Tân, Tp Hồ Chí Minh",[],[],[],[],[],157 m²,218 m²,6 phòng,6 phòng,[],[],8 m,20 m,[],[],['Đã có sổ'],['Nhà biệt thự'],[],[],[],[],[],[],[],['Hẻm xe hơi'],[],"63,69 triệu/m²",10 tỷ- 157 m2đ
21,Bán gấp nhà trả nợ,"Đường Số 6, Phường Bình Hưng Hoà B, Quận Bình Tân, Tp Hồ Chí Minh",[],[],[],[],[],54 m²,108 m²,3 phòng,2 phòng,[],[],4 m,13 m,['Bắc'],[],['Đang chờ sổ'],['Nhà phố liền kề'],[],[],[],[],[],[],[],['Hẻm xe hơi'],[],"27,78 triệu/m²","1,5 tỷ- 54 m2đ"
22,,,[],[],[],[],[],[],[],[],[],[],[],[],[],[],[],[],[],[],[],[],[],[],[],[],[],[],[],
23,BT mt đương sô 4 khu Tên Lửa 7x20 nhà đẹp y hình,"Đường Số 4, Phường Bình Trị Đông B, Quận Bình Tân, Tp Hồ Chí Minh",[],[],[],[],[],140 m²,273 m²,6 phòng,6 phòng,3,[],7 m,20 m,[],[],['Đã có sổ'],['Nhà biệt thự'],[],[],[],[],['Nội thất cao cấp'],[],[],[],[],"114,29 triệu/m²",16 tỷ- 140 m2đ
24,BT mt đương sô 4 khu Tên Lửa 7x20 nhà đẹp y hình,"Đường Số 4, Phường Bình Trị Đông B, Quận Bình Tân, Tp Hồ Chí Minh",[],[],[],[],[],140 m²,273 m²,6 phòng,6 phòng,3,[],7 m,20 m,[],[],['Đã có sổ'],['Nhà biệt thự'],[],[],[],[],['Nội thất cao cấp'],[],[],[],[],"114,29 triệu/m²",16 tỷ- 140 m2đ
25,HH100tr Bán đất 14x13 hẻm 6m Lê Văn Quới,"Đường Lê Văn Quới, Phường Bình Hưng Hoà A, Quận Bình Tân, Tp Hồ Chí Minh",[],[],[],[],[],180 m²,550 m²,9 phòng,Nhiều hơn 6 phòng,[],[],14 m,13 m,['Nam'],[],[],['Nhà biệt thự'],[],[],[],[],[],[],[],[],[],50 triệu/m²,9 tỷ- 180 m2đ
26,Nhà chợ Bình thành,"Đường Bình Thành, Phường Bình Hưng Hoà B, Quận Bình Tân, Tp Hồ Chí Minh",[],[],[],[],[],56 m²,[],2 phòng,2 phòng,[],[],4 m,14 m,[],[],['Đã có sổ'],['Nhà phố liền kề'],[],[],[],[],[],[],[],[],[],"66,07 triệu/m²","3,7 tỷ- 56 m2đ"
27,"Bán nhà đường Lê văn quới ,4x19m đúc 1 lửng 3 lầu","Đường Lê Văn Quới||6484, Phường Bình Trị Đông, Quận Bình Tân, Tp Hồ Chí Minh",[],[],[],[],[],76 m²,306 m²,5 phòng,6 phòng,4,[],4 m,19 m,['Tây'],[],['Đã có sổ'],['Nhà phố liền kề'],[],[],[],[],[],[],[],['Hẻm xe hơi'],[],"94,74 triệu/m²","7,2 tỷ- 76 m2đ"
28,"Gần Ngã Tư Gò Mây 5p Đi xe , Chợ Bình Thành","Bình Thành, Phường Bình Hưng Hoà B, Quận Bình Tân, Tp Hồ Chí Minh",[],[],[],[],[],38 m²,118 m²,4 phòng,3 phòng,3,[],[],[],[],[],['Đã có sổ'],['Nhà phố liền kề'],[],[],[],[],['Nội thất đầy đủ'],[],[],['Hẻm xe hơi'],[],"60,53 triệu/m²","2,3 tỷ- 38 m2đ"
29,Nhà 1 trệt 2 lầu + sân thượng đường Tên Lửa Q BT,"Đường Tên Lửa, Phường Bình Trị Đông B, Quận Bình Tân, Tp Hồ Chí Minh",[],[],[],[],[],132 m²,300 m²,4 phòng,3 phòng,[],[],12 m,18 m,['Đông'],[],['Đã có sổ'],['Nhà biệt thự'],[],[],[],[],[],[],[],"['Hẻm xe hơi', 'Nở hậu']",[],"71,97 triệu/m²","9,5 tỷ- 132 m2đ"
30,BÁN LỖ VỐN NHÀ 3 LẦU NGÃ 4 GÒ MÂY GẦN AEON T.PHÚ,"Lê Trọng Tấn, Phường Bình Hưng Hòa, Quận Bình Tân, Tp Hồ Chí Minh",[],[],[],[],[],56 m²,224 m²,4 phòng,6 phòng,3,[],4 m,14 m,[],[],['Đã có sổ'],['Nhà phố liền kề'],[],[],[],[],['Nội thất cao cấp'],[],[],['Hẻm xe hơi'],[],"58,75 triệu/m²","3,29 tỷ- 56 m2đ"
31,Chính chủ bán gấp nhà 54m2 SHR tại Gò Mây,"Đường 1, Phường Bình Hưng Hoà B, Quận Bình Tân, Tp Hồ Chí Minh",[],[],[],[],[],54 m²,198 m²,4 phòng,5 phòng,[],[],4.5 m,12 m,['Tây'],[],[],['Nhà biệt thự'],[],[],[],[],[],[],[],[],[],"77,78 triệu/m²","4,2 tỷ- 54 m2đ"
32,Bán căn nhà 4×25 đúc 1T+1L có SHR đường tây lân,"Đường Tây Lân, Phường Bình Trị Đông A, Quận Bình Tân, Tp Hồ Chí Minh",[],[],[],[],[],100 m²,200 m²,3 phòng,2 phòng,1,[],4 m,25 m,['Tây Bắc'],[],['Đã có sổ'],['Nhà phố liền kề'],[],[],[],[],[],[],[],['Nở hậu'],[],"46,5 triệu/m²","4,65 tỷ- 100 m2đ"
33,BÁN NHANH CĂN NHÀ BÌNH TÂN GIÁ RẺ,"Đường Số 1, Phường Bình Hưng Hoà B, Quận Bình Tân, Tp Hồ Chí Minh",[],[],[],[],[],60 m²,60 m²,5 phòng,6 phòng,[],[],5 m,12 m,[],[],['Đã có sổ'],['Nhà phố liền kề'],[],[],[],[],[],[],[],[],[],30 triệu/m²,"1,8 tỷ- 60 m2đ"
34,Nhà có 5 phòng trọ thu nhập 1thang10tieu,"40/22A, Đường Hồ Văn Long, Phường Bình Hưng Hoà B, Quận Bình Tân, Tp Hồ Chí Minh",[],[],[],[],[],100 m²,100 m²,5 phòng,5 phòng,[],[],5 m,20 m,['Đông'],[],['Đã có sổ'],['Nhà phố liền kề'],[],[],[],[],[],[],[],"['Hẻm xe hơi', 'Nở hậu']",[],42 triệu/m²,"4,2 tỷ- 100 m2đ"
35,CẦN BÁN GẤP CĂN NHÀ,"32A, Đường Số 3, Phường Tân Tạo A, Quận Bình Tân, Tp Hồ Chí Minh",[],[],[],[],[],60 m²,207 m²,4 phòng,5 phòng,4,[],4 m,15 m,[],[],['Đã có sổ'],['Nhà phố liền kề'],[],[],[],[],['Nội thất cao cấp'],[],[],['Hẻm xe hơi'],[],"82,5 triệu/m²","4,95 tỷ- 60 m2đ"
36,"Nhà 1/ lê công phép,SHR,biệt thự mini 80m2, 5x16","Đường Lê Công Phép, Phường An Lạc, Quận Bình Tân, Tp Hồ Chí Minh",[],[],[],[],[],60 m²,120 m²,3 phòng,2 phòng,[],[],4 m,15 m,['Đông'],[],['Đã có sổ'],['Nhà biệt thự'],[],[],[],[],['Nội thất cao cấp'],[],[],"['Hẻm xe hơi', 'Nở hậu']",[],35 triệu/m²,"2,1 tỷ- 60 m2đ"
37,"NHÀ /NGUYỄN TRIỆU LUẬT, TÂN TẠO, BÌNH TÂN","Đường Nguyễn Triệu Luật, Phường Tân Tạo, Quận Bình Tân, Tp Hồ Chí Minh",[],[],[],[],[],123 m²,60 m²,4 phòng,4 phòng,[],[],6 m,19 m,[],[],['Đã có sổ'],['Nhà phố liền kề'],[],[],[],[],[],[],[],['Hẻm xe hơi'],[],"38,21 triệu/m²","4,7 tỷ- 123 m2đ"
38,(hình thật )Biệt thự Lê Văn Quới 8*20m 4tấm,"Lê Văn Quới, Phường Bình Trị Đông A, Quận Bình Tân, Tp Hồ Chí Minh",[],[],[],[],[],160 m²,[],7 phòng,[],[],[],[],[],[],[],['Đã có sổ'],['Nhà biệt thự'],[],[],[],[],[],[],[],['Hẻm xe hơi'],[],"68,75 triệu/m²",11 tỷ- 160 m2đ
39,"Nhà 4 tầng 100m2 HXH Lê Văn Quới Bình Tân, 4tỷ8.","Đường Lê Văn Quới, Phường Bình Hưng Hoà A, Quận Bình Tân, Tp Hồ Chí Minh",[],[],[],[],[],100 m²,300 m²,5 phòng,4 phòng,[],[],[],[],[],[],[],['Nhà phố liền kề'],[],[],[],[],[],[],[],[],[],48 triệu/m²,"4,8 tỷ- 100 m2đ"
40,"Cần bán gấp căn nhà mới xây, hẻm 7m thông","51/, Đường Lê Văn Quới, Phường Bình Hưng Hoà A, Quận Bình Tân, Tp Hồ Chí Minh",[],[],[],[],[],64 m²,250 m²,5 phòng,6 phòng,5,[],4 m,16 m,['Tây'],[],['Đã có sổ'],['Nhà biệt thự'],[],[],[],[],['Nội thất cao cấp'],[],[],['Hẻm xe hơi'],[],"90,63 triệu/m²","5,8 tỷ- 64 m2đ"
41,CẦN BÁN VÀI CĂN NHÀ ĐẸP GIÁ RẺ,"Đường Số 2, Phường Bình Hưng Hoà B, Quận Bình Tân, Tp Hồ Chí Minh",[],[],[],[],[],60 m²,60 m²,5 phòng,6 phòng,[],[],5 m,12 m,[],[],[],['Nhà phố liền kề'],[],[],[],[],[],[],[],[],[],"33,33 triệu/m²",2 tỷ- 60 m2đ
42,"Nhà cấp 4, có đúc gác lửng","61, Đường 2B, Phường Bình Hưng Hoà B, Quận Bình Tân, Tp Hồ Chí Minh",[],[],[],[],[],108 m²,150 m²,2 phòng,3 phòng,2,[],8 m,15 m,['Đông Bắc'],[],['Đã có sổ'],['Nhà phố liền kề'],[],[],[],[],['Nội thất đầy đủ'],[],[],['Hẻm xe hơi'],[],"76,85 triệu/m²","8,3 tỷ- 108 m2đ"
43,BIỆT THỰ SANG TRỌNG Q.BÌNH TÂN DTSD 4X15M.,"Đường 10, Phường Bình Hưng Hòa, Quận Bình Tân, Tp Hồ Chí Minh",[],[],[],[],[],56 m²,196 m²,4 phòng,5 phòng,[],[],4 m,14 m,[],[],['Đã có sổ'],['Nhà biệt thự'],[],[],[],[],[],[],[],['Hẻm xe hơi'],[],75 triệu/m²,"4,2 tỷ- 56 m2đ"
44,"Bán nhà hẻm 8m đường Hương Lộ 2, F. BTĐ Quận BT","Đường Hương lộ 2, Phường Bình Trị Đông, Quận Bình Tân, Tp Hồ Chí Minh",[],[],[],[],[],64 m²,[],6 phòng,6 phòng,5,[],[],[],['Tây'],[],['Đang chờ sổ'],['Nhà biệt thự'],[],[],[],[],[],[],[],['Hẻm xe hơi'],[],"106,25 triệu/m²","6,8 tỷ- 64 m2đ"
45,Cần vốn bán gấp nhà 1 trệt 1 lầu đúc giá 2ty6,"Đường Ấp Chiến Lược, Phường Bình Trị Đông, Quận Bình Tân, Tp Hồ Chí Minh",[],[],[],[],[],38 m²,76 m²,2 phòng,2 phòng,2,[],3.65 m,11 m,['Nam'],[],['Đã có sổ'],['Nhà phố liền kề'],[],[],[],[],['Hoàn thiện cơ bản'],[],[],['Hẻm xe hơi'],[],"68,42 triệu/m²","2,6 tỷ- 38 m2đ"
46,Nhà mới full nội thất đường An Dương Vương 4x15,"Đường An Dương Vương, Phường An Lạc, Quận Bình Tân, Tp Hồ Chí Minh",[],[],[],[],[],60 m²,300 m²,5 phòng,5 phòng,4,[],4 m,15 m,[],[],['Đã có sổ'],['Nhà phố liền kề'],[],[],[],[],['Nội thất cao cấp'],[],[],['Hẻm xe hơi'],[],125 triệu/m²,"7,5 tỷ- 60 m2đ"
47,Nhà mới xây cực kỳ đẹp 3 tấm.,"Đường Chiến Lược, Phường Bình Trị Đông, Quận Bình Tân, Tp Hồ Chí Minh",[],[],[],[],[],48 m²,48 m²,6 phòng,3 phòng,[],[],4 m,12 m,[],[],['Đã có sổ'],['Nhà biệt thự'],[],[],[],[],[],[],[],['Hẻm xe hơi'],[],"104,17 triệu/m²",5 tỷ- 48 m2đ
48,BIỆT THỰ KDC VĨNH LỘC BÌNH TÂN 20X20 NỘI THẤT GỖ,"Đường Nguyễn Thị Tú, Phường Bình Hưng Hoà B, Quận Bình Tân, Tp Hồ Chí Minh",[],[],[],[],[],400 m²,1000 m²,5 phòng,5 phòng,[],[],20 m,20 m,['Tây'],[],['Đã có sổ'],['Nhà biệt thự'],[],[],[],[],['Nội thất cao cấp'],[],[],"['Hẻm xe hơi', 'Nở hậu']",[],80 triệu/m²,32 tỷ- 400 m2đ
49,Ôg anh Có Căn Nhà Biệt Thự Xây Mới Bán 6x10m,"34/1, Đường Số 22, Phường Bình Hưng Hoà A, Quận Bình Tân, Tp Hồ Chí Minh",[],[],[],[],[],60 m²,240 m²,4 phòng,5 phòng,[],[],6 m,10 m,['Nam'],[],['Đã có sổ'],['Nhà biệt thự'],[],[],[],[],['Nội thất đầy đủ'],[],[],['Hẻm xe hơi'],[],"106,67 triệu/m²","6,4 tỷ- 60 m2đ"
50,"Biệt Thự đẹp Hương Lộ 80 Bình Tân.DT 15x16, 2 lầu","Đường Hương lộ 80, Phường Bình Hưng Hoà B, Quận Bình Tân, Tp Hồ Chí Minh",[],[],[],[],[],240 m²,500 m²,5 phòng,5 phòng,[],[],15 m,16 m,[],[],['Đã có sổ'],['Nhà biệt thự'],[],[],[],[],[],[],[],"['Hẻm xe hơi', 'Nở hậu']",[],65 triệu/m²,"15,6 tỷ- 240 m2đ"
51,Bán Nhà sổ hồng,"Đường Lê Tấn Bê, Phường An Lạc, Quận Bình Tân, Tp Hồ Chí Minh",[],[],[],[],[],54 m²,150 m²,3 phòng,3 phòng,[],[],45 m,12 m,['Bắc'],[],['Đã có sổ'],['Nhà phố liền kề'],[],[],[],[],[],[],[],"['Hẻm xe hơi', 'Nở hậu']",[],"83,33 triệu/m²","4,5 tỷ- 54 m2đ"
52,"Nhà 1 trệt 3 lầu, 4 phòng ngủ 70.2m2 quận Bình Tân","249/19, Đường Liên khu 4-5, Phường Bình Hưng Hoà B, Quận Bình Tân, Tp Hồ Chí Minh",[],[],[],[],[],70 m²,217.8 m²,4 phòng,5 phòng,[],[],4 m,17.5 m,['Đông'],[],[],['Nhà phố liền kề'],[],[],[],[],[],[],[],[],[],"77,14 triệu/m²","5,4 tỷ- 70 m2đ"
53,Nhà 5x4M hẻm 137 Phan Anh xe hơi tới cửa,"Đường Phan Anh, Phường Bình Trị Đông, Quận Bình Tân, Tp Hồ Chí Minh",[],[],[],[],[],20 m²,40 m²,1 phòng,1 phòng,[],[],5 m,4 m,[],[],['Đã có sổ'],['Nhà phố liền kề'],[],[],[],[],[],[],[],['Hẻm xe hơi'],[],105 triệu/m²,"2,1 tỷ- 20 m2đ"
54,Bán Biệt thự mini cao cấp Bình tân giá chỉ 3.950,"Đường Hương lộ 2||6456, Phường Bình Trị Đông A, Quận Bình Tân, Tp Hồ Chí Minh",[],[],[],[],[],54 m²,216 m²,6 phòng,Nhiều hơn 6 phòng,3,[],6 m,9 m,['Đông'],[],['Đã có sổ'],['Nhà biệt thự'],[],[],[],[],[],[],[],"['Hẻm xe hơi', 'Nở hậu']",[],"73,15 triệu/m²","3,95 tỷ- 54 m2đ"
55,,,[],[],[],[],[],[],[],[],[],[],[],[],[],[],[],[],[],[],[],[],[],[],[],[],[],[],[],
56,"MT đường 32A, khu tên lửa, 10 x 20m, 2.5 tấm","Đường Số 32A, Phường Bình Trị Đông B, Quận Bình Tân, Tp Hồ Chí Minh",[],[],[],[],[],200 m²,[],4 phòng,[],[],[],10 m,20 m,['Đông'],[],['Đã có sổ'],['Nhà biệt thự'],[],[],[],[],[],[],[],[],[],115 triệu/m²,23 tỷ- 200 m2đ
57,CẦN BÁN NHÀ KDC VẠN XUÂN ĐẤT VIỆT,"đường số 5, Phường Bình Hưng Hòa, Quận Bình Tân, Tp Hồ Chí Minh",Vạn Xuân Đất Việt,[],[],[],[],85.5 m²,85.5 m²,4 phòng,[],[],[],5.7 m,15 m,[],[],[],['Nhà phố liền kề'],[],[],[],[],[],[],[],[],[],"94,71 triệu/m²","8,05 tỷ- 85.5 m2đ"
58,"nhà hẻm vip 418 lê văn quới, 2 Lầu + ST, 4 phòng","Đường Lê Văn Quới, Phường Bình Hưng Hoà A, Quận Bình Tân, Tp Hồ Chí Minh",[],418,[],[],[],51 m²,200 m²,4 phòng,3 phòng,4,[],4 m,13 m,['Tây Bắc'],[],['Đã có sổ'],['Nhà phố liền kề'],[],[],[],[],['Nội thất đầy đủ'],[],[],"['Hẻm xe hơi', 'Nở hậu']",[],"105,88 triệu/m²","5,4 tỷ- 51 m2đ"
59,"Nhà 1 trệt 1 lầu , 1n ,2wc 40m2 giá chỉ có 390tr","Đường Trần Văn Giàu, Phường An Lạc, Quận Bình Tân, Tp Hồ Chí Minh",[],[],[],[],[],40 m²,40 m²,1 phòng,2 phòng,[],[],4 m,10 m,[],[],['Đã có sổ'],['Nhà phố liền kề'],[],[],[],[],[],[],[],['Hẻm xe hơi'],[],"9,75 triệu/m²",390 triệu- 40 m2đ
60,Biệt thự cao cấp 200m2 khu Ao Sen- Tên Lửa,"Đường 32A, Phường Bình Trị Đông B, Quận Bình Tân, Tp Hồ Chí Minh",[],[],[],[],[],200 m²,[],3 phòng,3 phòng,[],[],10 m,20 m,[],[],[],['Nhà biệt thự'],[],[],[],[],[],[],[],[],[],"117,5 triệu/m²","23,5 tỷ- 200 m2đ"
61,"Biệt Thự Sân Vườn Hương Lộ 2 hẻm 5,5m","Đường Hương lộ 2, Phường Bình Trị Đông, Quận Bình Tân, Tp Hồ Chí Minh",[],[],[],[],[],168 m²,266 m²,4 phòng,5 phòng,[],[],12 m,14 m,['Đông'],[],[],['Nhà biệt thự'],[],[],[],[],[],[],[],[],[],"65,48 triệu/m²",11 tỷ- 168 m2đ
62,Bán nhà 4 tấm rưỡi mới xây,"Đường 18B, Phường Bình Hưng Hoà A, Quận Bình Tân, Tp Hồ Chí Minh",[],[],[],[],[],48 m²,48 m²,5 phòng,6 phòng,[],[],4 m,12 m,[],[],['Đã có sổ'],['Nhà phố liền kề'],[],[],[],[],[],[],[],['Hẻm xe hơi'],[],"91,67 triệu/m²","4,4 tỷ- 48 m2đ"
63,Nhà phố mặt tiền đường quận Bình Tân,"Đường 1, Phường Bình Trị Đông, Quận Bình Tân, Tp Hồ Chí Minh",[],[],[],[],[],80 m²,275 m²,2 phòng,2 phòng,[],[],[],[],[],[],[],['Nhà phố liền kề'],[],[],[],[],[],[],[],[],[],110 triệu/m²,"8,8 tỷ- 80 m2đ"
64,"Cần bán nhà chính chủ và 12 phòng trọ, k tranh chS","666/76/8, Đường Lê Trọng Tấn, Phường Bình Hưng Hòa, Quận Bình Tân, Tp Hồ Chí Minh",[],[],[],[],[],169 m²,227 m²,5 phòng,[],2,[],3 m,56 m,['Đông'],[],['Đã có sổ'],['Nhà phố liền kề'],[],[],[],[],['Nội thất đầy đủ'],[],[],"['Hẻm xe hơi', 'Nở hậu']",[],"73,96 triệu/m²","12,5 tỷ- 169 m2đ"
65,"Đất biệt thự góc 2MT đường Số 13C, 11 x 20m, 21 tỷ","Đường Số 13C, Phường Bình Trị Đông B, Quận Bình Tân, Tp Hồ Chí Minh",[],[],[],[],[],220 m²,220 m²,1 phòng,1 phòng,[],[],11 m,20 m,[],[],['Đã có sổ'],['Nhà biệt thự'],[],[],[],[],[],[],[],[],[],"95,45 triệu/m²",21 tỷ- 220 m2đ
66,Nhà mt 1 trệt 3 lầu gần eonmail,"đường 13 bình trị đông quận bình Tân, Phường Bình Trị Đông, Quận Bình Tân, Tp Hồ Chí Minh",[],[],[],[],[],100 m²,100 m²,5 phòng,2 phòng,[],[],5 m,20 m,['Nam'],[],['Đã có sổ'],['Nhà phố liền kề'],[],[],[],[],[],[],[],['Hẻm xe hơi'],[],140 triệu/m²,14 tỷ- 100 m2đ
67,"Chính chủ nhà bán 352/1 đường Lê văn quới ,Q BT","lê văn quới, Phường Bình Hưng Hoà A, Quận Bình Tân, Tp Hồ Chí Minh",[],[],[],[],[],44 m²,160 m²,5 phòng,4 phòng,4,[],4 m,10 m,['Tây'],[],['Đã có sổ'],['Nhà phố liền kề'],[],[],[],[],['Nội thất cao cấp'],[],[],"['Hẻm xe hơi', 'Nở hậu']",[],"123,86 triệu/m²","5,45 tỷ- 44 m2đ"
68,"Nhà mặt tiền Hồ Văn Long, 167m2, sổ hồng riêng","Đường Hồ Văn Long, Phường Bình Hưng Hoà B, Quận Bình Tân, Tp Hồ Chí Minh",[],[],[],[],[],167 m²,160 m²,4 phòng,4 phòng,2,[],8 m,21 m,[],[],['Đã có sổ'],['Nhà biệt thự'],[],[],[],[],['Nội thất đầy đủ'],[],[],[],[],"46,71 triệu/m²","7,8 tỷ- 167 m2đ"
69,Nhà trệt +2 lầu + sân thượng,"Đường Số 2, Phường Bình Hưng Hoà B, Quận Bình Tân, Tp Hồ Chí Minh",[],[],[],[],[],52 m²,160 m²,4 phòng,5 phòng,[],[],4 m,13 m,['Nam'],[],['Đã có sổ'],['Nhà phố liền kề'],[],[],[],[],['Nội thất cao cấp'],[],[],[],[],"83,65 triệu/m²","4,35 tỷ- 52 m2đ"
70,"Biệt thự khu Tên Lửa, Bình Tân: 12*22m, 16.9 tỷ BL","Đường Số 7, Phường Bình Trị Đông, Quận Bình Tân, Tp Hồ Chí Minh",[],[],[],[],[],222.7 m²,[],6 phòng,5 phòng,[],[],12 m,22 m,[],[],['Đã có sổ'],['Nhà biệt thự'],[],[],[],[],[],[],[],[],[],"76,13 triệu/m²","16,9 tỷ- 222.7 m2đ"
71,Nhà đẹp thích hợp đầu tư hay kinh doanh,"bùi hữu diên, Phường An Lạc A, Quận Bình Tân, Tp Hồ Chí Minh",[],[],[],[],[],80 m²,209 m²,4 phòng,5 phòng,[],[],4 m,20 m,['Tây Nam'],[],['Đã có sổ'],['Nhà phố liền kề'],[],[],[],[],['Nội thất đầy đủ'],[],[],[],[],100 triệu/m²,8 tỷ- 80 m2đ
72,Bán nhà hẻm kinh doanh 3 lầu,"11/8, Đường Trương Phước Phan, Phường Bình Trị Đông, Quận Bình Tân, Tp Hồ Chí Minh",[],[],[],[],[],40 m²,145 m²,5 phòng,3 phòng,[],[],4 m,10 m,['Bắc'],[],['Đã có sổ'],['Nhà phố liền kề'],[],[],[],[],[],[],[],['Hẻm xe hơi'],[],"102,5 triệu/m²","4,1 tỷ- 40 m2đ"
73,Khong nguoi trong coi Nen ban gap nha biet thumini,"Đường Số 7, Phường Bình Hưng Hòa, Quận Bình Tân, Tp Hồ Chí Minh",[],[],[],[],[],68 m²,[],4 phòng,4 phòng,3,[],7 m,10 m,['Đông'],[],['Đã có sổ'],['Nhà biệt thự'],[],[],[],[],['Hoàn thiện cơ bản'],[],[],['Hẻm xe hơi'],[],"95,59 triệu/m²","6,5 tỷ- 68 m2đ"
74,"Cần bán nhà hẻm đường Cầu Kinh, Quận Bình Tân","Đường Cầu Kinh, Phường Tân Tạo A, Quận Bình Tân, Tp Hồ Chí Minh",[],[],[],[],[],66 m²,66 m²,2 phòng,1 phòng,1,[],4 m,17 m,['Tây'],[],['Đã có sổ'],['Nhà phố liền kề'],[],[],[],[],[],[],[],['Hẻm xe hơi'],[],"47,73 triệu/m²","3,15 tỷ- 66 m2đ"
75,Nhà 1 trệt 2 lầu 40m2 đường 18 d quận bình tân,"Đường 18D, Phường Bình Hưng Hoà A, Quận Bình Tân, Tp Hồ Chí Minh",[],[],[],[],[],40 m²,40 m²,4 phòng,4 phòng,[],[],4 m,10 m,['Nam'],[],['Đã có sổ'],['Nhà phố liền kề'],[],[],[],[],[],[],[],['Hẻm xe hơi'],[],"96,25 triệu/m²","3,85 tỷ- 40 m2đ"
