,title,address,project_name,apartment_code,block_name,block_code,square,square_area,square_in_use,bedroom,wc,num_floor,floor,width,height,door,balcony,certificates,house_type,estate_type,office_type,apartment_type,status,furniture_status,estate_status,apartment_specific,house_specific,_type,price_m2,price_square
0,Bán biệt thự mini 6x12 Nguyễn Sơn q. Tân Phú,"Đường Nguyễn Sơn, Phường Phú Thọ Hòa, Quận Tân Phú, Tp Hồ Chí Minh",[],[],[],[],[],65 m²,250 m²,4 phòng,4 phòng,[],[],6 m,12 m,['Đông Nam'],[],['Đã có sổ'],['Nhà biệt thự'],[],[],[],[],['Nội thất cao cấp'],[],[],['Hẻm xe hơi'],[],"104,62 triệu/m²","6,8 tỷ
GIÁ TỐT
- 65 m2đ"
1,BÁN GẤP BIỆT THỰ Đ TRẦN QUANG CƠ (8X20-ĐÚC 4 TẤM),"Đường Trần Quang Cơ, Phường Phú Thạnh, Quận Tân Phú, Tp Hồ Chí Minh",[],[],[],[],[],160 m²,160 m²,4 phòng,4 phòng,[],[],8 m,20 m,[],[],['Đã có sổ'],['Nhà biệt thự'],[],[],[],[],[],[],[],['Hẻm xe hơi'],[],"82,5 triệu/m²","13,2 tỷ- 160 m2đ"
2,,,[],[],[],[],[],[],[],[],[],[],[],[],[],[],[],[],[],[],[],[],[],[],[],[],[],[],[],
3,Kẹt vốn cần bán nhà gấp Quận Tân Phú 55m² có SHR.,"Đường Tân Kỳ Tân Quý, Phường Tân Quý, Quận Tân Phú, Tp Hồ Chí Minh",[],[],[],[],[],55 m²,110 m²,2 phòng,2 phòng,1,[],5 m,11 m,[],[],['Đã có sổ'],['Nhà phố liền kề'],[],[],[],[],[],[],[],"['Hẻm xe hơi', 'Nở hậu']",[],"23,64 triệu/m²","1,3 tỷ- 55 m2đ"
4,"Bán nhà HXH 72/51A Lê Trọng Tấn 90m2 2 lầu 5,9 tỷ","Đường Lê Trọng Tấn, Phường Tân Quý, Quận Tân Phú, Tp Hồ Chí Minh",[],123,[],[],[],90 m²,170 m²,4 phòng,5 phòng,4,[],6 m,15 m,['Đông Bắc'],[],['Đã có sổ'],['Nhà phố liền kề'],[],[],[],[],['Nội thất cao cấp'],[],[],['Nở hậu'],[],"65,56 triệu/m²","5,9 tỷ- 90 m2đ"
5,"Chính chủ bán nhà 97/26 Gò dầu130m2 4 lầu 8,4 tỷ","97/26F, Đường Gò Dầu, Phường Tân Quý, Quận Tân Phú, Tp Hồ Chí Minh",[],123,[],[],[],130 m²,520 m²,8 phòng,Nhiều hơn 6 phòng,4,[],5 m,26 m,['Đông Bắc'],[],['Đã có sổ'],['Nhà phố liền kề'],[],[],[],[],['Nội thất cao cấp'],[],[],['Hẻm xe hơi'],[],"64,62 triệu/m²","8,4 tỷ- 130 m2đ"
6,BÁN GẤP BIỆT THỰ MINI ĐƯỜNG DƯƠNG ĐỨC HIỀN 6.4X10,"Đường Dương Đức Hiền, Phường Tây Thạnh, Quận Tân Phú, Tp Hồ Chí Minh",[],[],[],[],[],62 m²,124 m²,3 phòng,2 phòng,[],[],7 m,10 m,[],[],[],['Nhà biệt thự'],[],[],[],[],[],[],[],[],[],"104,84 triệu/m²","6,5 tỷ- 62 m2đ"
7,Bán nhà 69/55 Nguyễn Cửu Đàm (4x13.4 gồm 1 lầu ),"Đường Nguyễn Cửu Đàm, Phường Tân Sơn Nhì, Quận Tân Phú, Tp Hồ Chí Minh",[],[],[],[],[],54 m²,54 m²,2 phòng,3 phòng,1,[],4 m,13.4 m,['Đông'],[],['Đã có sổ'],['Nhà phố liền kề'],[],[],[],[],['Nội thất đầy đủ'],[],[],['Hẻm xe hơi'],[],"96,3 triệu/m²","5,2 tỷ- 54 m2đ"
8,Nhà VIP Tân kỳ Tân quý. Tân Quý.Tân phú. Đúc 4 tấm,"Đường Tân Kỳ Tân Quý, Phường Tân Quý, Quận Tân Phú, Tp Hồ Chí Minh",[],[],[],[],[],61 m²,222 m²,5 phòng,6 phòng,4,[],4 m,15.5 m,['Tây'],[],['Đã có sổ'],['Nhà phố liền kề'],[],[],[],[],['Nội thất đầy đủ'],[],[],['Hẻm xe hơi'],[],"140,98 triệu/m²","8,6 tỷ- 61 m2đ"
9,Biệt Thự Mini Nguyễn Sơn 5.3*12m 1 trệt 2 lầu+ ST,"Đường Nguyễn Sơn, Phường Phú Thọ Hòa, Quận Tân Phú, Tp Hồ Chí Minh",[],[],[],[],[],63.6 m²,150 m²,4 phòng,5 phòng,3,[],5.3 m,12 m,['Đông'],[],['Đã có sổ'],['Nhà biệt thự'],[],[],[],[],['Nội thất cao cấp'],[],[],[],[],"108,73 triệu/m²","6,85 tỷ- 63.6 m2đ"
10,"Bán Biệt Thu đường Khuông Việt, Phú Trung, Quận TB","Đường Khuông Việt, Phường Phú Thạnh, Quận Tân Phú, Tp Hồ Chí Minh",[],[],[],[],[],244 m²,376 m²,5 phòng,5 phòng,3,[],7.3 m,26.36 m,['Tây Nam'],[],['Đã có sổ'],['Nhà biệt thự'],[],[],[],[],['Bàn giao thô'],[],[],['Hẻm xe hơi'],[],"81,97 triệu/m²",20 tỷ- 244 m2đ
11,"Bán Nhà Phố Sổ Riêg 40m2,Đường Tây Thạnh Q.Tân Phú","Đường Tây Thạnh, Phường Tây Thạnh, Quận Tân Phú, Tp Hồ Chí Minh",[],[],[],[],[],40 m²,[],3 phòng,3 phòng,[],[],4 m,10 m,[],[],['Đã có sổ'],['Nhà phố liền kề'],[],[],[],[],[],[],[],['Hẻm xe hơi'],[],25 triệu/m²,1 tỷ- 40 m2đ
12,NHÀ HẺM 170 VƯỜN LÀI 4X20M GIÁ 6.9 TỶ GẦN TÂN HƯƠG,"vườn lài, Phường Tân Thành, Quận Tân Phú, Tp Hồ Chí Minh",[],[],[],[],[],80 m²,80 m²,1 phòng,3 phòng,[],[],4 m,20 m,['Đông'],[],['Đã có sổ'],['Nhà phố liền kề'],[],[],[],[],[],[],[],[],[],"86,25 triệu/m²","6,9 tỷ- 80 m2đ"
13,Nhà bán 52/31 thoai ngọc hầu p hòa thạnh tân phú H,"Đường Thoại Ngọc Hầu, Phường Hòa Thạnh, Quận Tân Phú, Tp Hồ Chí Minh",[],[],[],[],[],64 m²,188 m²,4 phòng,4 phòng,[],[],4 m,16 m,['Đông Bắc'],[],['Đã có sổ'],['Nhà phố liền kề'],[],[],[],[],[],[],[],['Hẻm xe hơi'],[],125 triệu/m²,8 tỷ- 64 m2đ
14,"Bán nhà hẻm xe hơi đường Gò Dầu,DT:5x17m vuông vức","Đường Gò Dầu, Phường Tân Quý, Quận Tân Phú, Tp Hồ Chí Minh",[],[],[],[],[],85 m²,85 m²,2 phòng,1 phòng,1,[],5 m,17 m,[],[],['Đã có sổ'],['Nhà phố liền kề'],[],[],[],[],[],[],[],"['Hẻm xe hơi', 'Nở hậu']",[],80 triệu/m²,"6,8 tỷ- 85 m2đ"
15,Biệt thự đẹp 2 lầu 11x16m hẻm Lũy Bán Bích,"Đường Lũy Bán Bích, Phường Phú Thạnh, Quận Tân Phú, Tp Hồ Chí Minh",[],[],[],[],[],168 m²,500 m²,4 phòng,6 phòng,3,[],11 m,16 m,['Bắc'],[],['Đã có sổ'],['Nhà biệt thự'],[],[],[],[],[],[],[],['Hẻm xe hơi'],[],"102,38 triệu/m²","17,2 tỷ- 168 m2đ"
16,Cần bán biệt thự full nội thất cao cấp,"Đường Sơn Kỳ, Phường Sơn Kỳ, Quận Tân Phú, Tp Hồ Chí Minh",[],3879,[],[],[],160 m²,500 m²,4 phòng,5 phòng,5,[],9 m,16 m,['Đông Nam'],[],['Đã có sổ'],['Nhà biệt thự'],[],[],[],[],['Nội thất cao cấp'],[],[],['Hẻm xe hơi'],[],128.125 đ/m²,"20,5 triệu- 160 m2đ"
17,Hẻm xe hơi . Tân Sơn Nhì . Tân Phú . Đúc 3 tấm mới,"Đường Tân Sơn Nhì, Phường Tân Sơn Nhì, Quận Tân Phú, Tp Hồ Chí Minh",[],[],[],[],[],68 m²,182 m²,4 phòng,5 phòng,[],[],4 m,17.5 m,[],[],['Đã có sổ'],['Nhà biệt thự'],[],[],[],[],['Nội thất cao cấp'],[],[],['Hẻm xe hơi'],[],"117,65 triệu/m²",8 tỷ- 68 m2đ
18,BÁN BIỆT THỰ MINI SIÊU ĐẸP TÂN PHÚ,"304/6B, Đường Tân Kỳ Tân Quý, Phường Sơn Kỳ, Quận Tân Phú, Tp Hồ Chí Minh",[],BT304,[],[],[],61 m²,240 m²,5 phòng,5 phòng,5,[],6 m,10.5 m,['Tây'],[],['Đã có sổ'],['Nhà biệt thự'],[],[],[],[],[],[],[],"['Hẻm xe hơi', 'Nở hậu']",[],"134,43 triệu/m²","8,2 tỷ- 61 m2đ"
19,"Bán biệt thự mini đường Cầu Xéo.DT:8x18,trệt 2 lầu","cầu xéo, Phường Tân Sơn Nhì, Quận Tân Phú, Tp Hồ Chí Minh",[],[],[],[],[],144 m²,357 m²,4 phòng,4 phòng,3,[],8 m,18 m,[],[],['Đã có sổ'],['Nhà biệt thự'],[],[],[],[],[],[],[],"['Hẻm xe hơi', 'Nở hậu']",[],"109,72 triệu/m²","15,8 tỷ- 144 m2đ"
20,"Bán nhà HXH Tây Thạnh 60m2 5 tầng 4pn, chỉ 5.9 tỷ","Đường Tây Thạnh, Phường Tây Thạnh, Quận Tân Phú, Tp Hồ Chí Minh",[],[],[],[],[],60 m²,[],4 phòng,5 phòng,[],[],4 m,15 m,[],[],['Đã có sổ'],['Nhà phố liền kề'],[],[],[],[],[],[],[],['Hẻm xe hơi'],[],"98,33 triệu/m²","5,9 tỷ- 60 m2đ"
21,"Hxh 5m đường Tân Sơn nhì . Tân Phú . Đúc 3,5 tấm","Đường Tân Sơn Nhì, Phường Tân Sơn Nhì, Quận Tân Phú, Tp Hồ Chí Minh",[],[],[],[],[],86 m²,310 m²,5 phòng,5 phòng,3,[],4.1 m,21 m,[],[],['Đã có sổ'],['Nhà biệt thự'],[],[],[],[],['Nội thất cao cấp'],[],[],['Hẻm xe hơi'],[],"89,53 triệu/m²","7,7 tỷ- 86 m2đ"
22,Nhà 1 Trệt 1 lầu Hẻm 4M Trịnh Đình Trọng 3ty5,"Đường Trịnh Đình Trọng, Phường Hòa Thạnh, Quận Tân Phú, Tp Hồ Chí Minh",[],[],[],[],[],32 m²,64 m²,2 phòng,2 phòng,[],[],4 m,8 m,[],[],['Đã có sổ'],['Nhà phố liền kề'],[],[],[],[],[],[],[],['Hẻm xe hơi'],[],"109,38 triệu/m²","3,5 tỷ- 32 m2đ"
23,Cần bán căn biệt thự trên không có gara oto riêng,"Đường N1, Phường Sơn Kỳ, Quận Tân Phú, Tp Hồ Chí Minh",[],[],[],[],[],160 m²,[],3 phòng,2 phòng,[],[],[],[],[],[],[],['Nhà biệt thự'],[],[],[],[],[],[],[],['Nở hậu'],[],55 triệu/m²,"8,8 tỷ- 160 m2đ"
24,🌸 NHÀ ĐÚC BTCT 4 TẤM MẶT TIỀN NGUYỄN VĂN SĂNG 💯,"Đường Nguyễn Văn Săng, Phường Tân Sơn Nhì, Quận Tân Phú, Tp Hồ Chí Minh",[],[],[],[],[],60 m²,[],4 phòng,5 phòng,4,[],[],[],[],[],['Đã có sổ'],['Nhà biệt thự'],[],[],[],[],[],[],[],['Nở hậu'],[],180 triệu/m²,"10,8 tỷ- 60 m2đ"
25,"Nhà 56m2 đất ở đô thị đường trần tấn ,tân phú","Đường Trần Tấn, Phường Tân Sơn Nhì, Quận Tân Phú, Tp Hồ Chí Minh",[],[],[],[],[],56 m²,43.8 m²,1 phòng,1 phòng,1,[],4 m,14 m,['Tây Nam'],[],['Đã có sổ'],['Nhà phố liền kề'],[],[],[],[],[],[],[],[],[],75 triệu/m²,"4,2 tỷ- 56 m2đ"
26,Biệt thự đẳng cấp mặt tiền Hồ Đắc Di 10x17.5 2 lầu,"Đường Hồ Đắc Di, Phường Tây Thạnh, Quận Tân Phú, Tp Hồ Chí Minh",[],[],[],[],[],175 m²,323 m²,4 phòng,4 phòng,3,[],10 m,18 m,[],[],['Đã có sổ'],['Nhà biệt thự'],[],[],[],[],[],[],[],[],[],"162,86 triệu/m²","28,5 tỷ- 175 m2đ"
27,"Bán biệt thự hẻm 8m bờ bao Tân thắng,8x16m, 16tỷ","Đường Bờ Bao Tân Thắng, Phường Sơn Kỳ, Quận Tân Phú, Tp Hồ Chí Minh",[],[],[],[],[],126 m²,512 m²,5 phòng,5 phòng,[],[],8 m,16 m,[],[],[],['Nhà biệt thự'],[],[],[],[],[],[],[],[],[],"126,98 triệu/m²",16 tỷ- 126 m2đ
28,"Biệt Thự hẻm Lũy Bán Bích khu ADC,11x18m, 3 Tấm","Lũy Bán Bích, Phường Phú Thạnh, Quận Tân Phú, Tp Hồ Chí Minh",[],[],[],[],[],168 m²,[],6 phòng,6 phòng,3,[],11 m,18 m,['Bắc'],[],['Đã có sổ'],['Nhà biệt thự'],[],[],[],[],['Nội thất cao cấp'],[],[],['Hẻm xe hơi'],[],"102,38 triệu/m²","17,2 tỷ- 168 m2đ"
29,Nhà 4 tầng như biệt thự 5×13m,"Đường Tân Kỳ Tân Quý, Phường Tân Quý, Quận Tân Phú, Tp Hồ Chí Minh",[],[],[],[],[],66 m²,66 m²,4 phòng,4 phòng,4,[],5 m,14 m,[],[],['Đã có sổ'],['Nhà biệt thự'],[],[],[],[],['Nội thất cao cấp'],[],[],['Hẻm xe hơi'],[],"114,39 triệu/m²","7,55 tỷ- 66 m2đ"
30,Cần bán gấp để đi định cư,"Đường Tân Sơn Nhì, Phường Tân Sơn Nhì, Quận Tân Phú, Tp Hồ Chí Minh",[],[],[],[],[],85 m²,85 m²,5 phòng,5 phòng,[],[],4.05 m,21 m,['Đông Nam'],[],['Đã có sổ'],['Nhà phố liền kề'],[],[],[],[],['Nội thất cao cấp'],[],[],"['Hẻm xe hơi', 'Nở hậu']",[],"96,47 triệu/m²","8,2 tỷ- 85 m2đ"
31,"Nhà 30/45G Đỗ Nhuận , P Sơn Kỳ , Tân phú","Đường Đỗ Nhuận, Phường Sơn Kỳ, Quận Tân Phú, Tp Hồ Chí Minh",[],[],[],[],[],60 m²,240 m²,4 phòng,5 phòng,[],[],4 m,16 m,[],[],['Đã có sổ'],['Nhà phố liền kề'],[],[],[],[],[],[],[],['Hẻm xe hơi'],[],"153,33 triệu/m²","9,2 tỷ- 60 m2đ"
32,"nhà Gò Dầu .Tân quý .Tân Phú . Dt 5,1m*24m. 4 lầu","Đường Gò Dầu, Phường Tân Quý, Quận Tân Phú, Tp Hồ Chí Minh",[],[],[],[],[],120 m²,400 m²,5 phòng,6 phòng,[],[],4 m,24 m,[],[],['Đã có sổ'],['Nhà biệt thự'],[],[],[],[],['Nội thất cao cấp'],[],[],['Hẻm xe hơi'],[],"70,83 triệu/m²","8,5 tỷ- 120 m2đ"
33,Biệt Thự Đẹp Như Ngọc Trinh 100m2 Dưới 2tỷ,"Đường Phan Anh, Phường Hiệp Tân, Quận Tân Phú, Tp Hồ Chí Minh",[],[],[],[],[],125 m²,100 m²,5 phòng,4 phòng,[],[],5 m,25 m,[],[],['Đã có sổ'],['Nhà biệt thự'],[],[],[],[],['Nội thất cao cấp'],[],[],['Hẻm xe hơi'],[],"11,6 triệu/m²","1,45 tỷ- 125 m2đ"
34,Nhà 1 trệt 2 lầu 123m2 đường Âu cơ,"25/49/13/3, Đường Nguyễn Minh Châu, Phường Phú Trung, Quận Tân Phú, Tp Hồ Chí Minh",[],[],[],[],[],123 m²,[],3 phòng,3 phòng,[],[],4 m,11 m,[],[],['Đã có sổ'],['Nhà phố liền kề'],[],[],[],[],[],[],[],[],[],"40,24 triệu/m²","4,95 tỷ- 123 m2đ"
35,"Biệt thự Tân Phú 127 m2, 4 tầng Thang máy 14tỷ2.","179.35, Hòa Bình, Phường Hiệp Tân, Quận Tân Phú, Tp Hồ Chí Minh",[],[],[],[],[],127 m²,127 m²,5 phòng,5 phòng,4,[],7 m,[],[],[],['Đã có sổ'],['Nhà biệt thự'],[],[],[],[],[],[],[],"['Hẻm xe hơi', 'Nở hậu']",[],"111,81 triệu/m²","14,2 tỷ- 127 m2đ"
36,Bán biệt thự góc 2mt bán gấp,"Đường Nguyễn Cửu Đàm, Phường Tân Sơn Nhì, Quận Tân Phú, Tp Hồ Chí Minh",[],[],[],[],[],135 m²,[],5 phòng,4 phòng,[],[],84 m,16 m,[],[],['Đã có sổ'],['Nhà biệt thự'],[],[],[],[],[],[],[],['Hẻm xe hơi'],[],"103,7 triệu/m²",14 tỷ- 135 m2đ
37,Bán gấp biệt thự Luỹ Bán Bích sát khu biệt thự ADC,"Đường Lũy Bán Bích, Phường Phú Thạnh, Quận Tân Phú, Tp Hồ Chí Minh",[],[],[],[],[],168 m²,[],5 phòng,[],[],[],[],[],[],[],['Đã có sổ'],['Nhà biệt thự'],[],[],[],[],[],[],[],['Hẻm xe hơi'],[],"108,33 triệu/m²","18,2 tỷ- 168 m2đ"
38,Mở bán dự án Nhà Phố MT đường Nguyễn Sơn,"nguyễn sơn, Phường Phú Thạnh, Quận Tân Phú, Tp Hồ Chí Minh",[],[],[],[],[],300 m²,300 m²,5 phòng,5 phòng,3,[],8 m,17 m,[],[],['Đã có sổ'],['Nhà biệt thự'],[],[],[],[],[],[],[],[],[],50 triệu/m²,15 tỷ- 300 m2đ
39,"Nhà 1trệt,2 lầu, sân thượng,154,2m2tỗhiệu,http","234, Đường Tô Hiệu, Phường Hiệp Tân, Quận Tân Phú, Tp Hồ Chí Minh",[],[],[],[],[],154.2 m²,461.3 m²,nhiều hơn 10 phòng,Nhiều hơn 6 phòng,[],[],12.2 m,12.2 m,['Tây Nam'],[],['Đã có sổ'],['Nhà phố liền kề'],[],[],[],[],[],[],[],['Hẻm xe hơi'],[],"201,3 triệu/m²",31 tỷ- 154.2 m2đ
40,"Cc Huỳnh Văn Chính, 1 pN chính và 1pN phụ.","Đường Huỳnh Văn Chính, Phường Phú Trung, Quận Tân Phú, Tp Hồ Chí Minh",Chung cư Huỳnh Văn Chính,[],[],[],[],44 m²,44 m²,2 phòng,1 phòng,[],[],4 m,11 m,['Đông Nam'],[],['Đã có sổ'],['Nhà phố liền kề'],[],[],[],[],['Hoàn thiện cơ bản'],[],[],['Hẻm xe hơi'],[],"36,36 triệu/m²","1,6 tỷ- 44 m2đ"
41,"Nhà 341/19 khuông việt trệt 2 lầu ,1pk,4pn,3wc","Đường Khuông Việt, Phường Hòa Thạnh, Quận Tân Phú, Tp Hồ Chí Minh",[],[],[],[],[],44 m²,108 m²,4 phòng,3 phòng,2,[],4 m,11 m,['Đông Bắc'],[],['Đã có sổ'],['Nhà phố liền kề'],[],[],[],[],[],[],[],['Hẻm xe hơi'],[],"130,68 triệu/m²","5,75 tỷ- 44 m2đ"
42,"Nhà đẹp,HXH,64m2,Tân Phú giá chưa tới 7 tỷ","Đường Nguyễn Sơn, Phường Phú Thọ Hòa, Quận Tân Phú, Tp Hồ Chí Minh",[],[],[],[],[],64 m²,250 m²,4 phòng,4 phòng,[],[],5.3 m,[],[],[],[],['Nhà phố liền kề'],[],[],[],[],[],[],[],[],[],"107,81 triệu/m²","6,9 tỷ- 64 m2đ"
43,BÁN NHÀ PHỐ QUẬN TÂN PHÚ - ĐƯỜNG DƯƠNG VĂN DƯƠNG,"Đường Dương Văn Dương, Phường Tân Quý, Quận Tân Phú, Tp Hồ Chí Minh",[],[],[],[],[],62 m²,122 m²,5 phòng,6 phòng,3,[],4 m,15 m,[],[],['Đã có sổ'],['Nhà phố liền kề'],[],[],[],[],['Hoàn thiện cơ bản'],[],[],['Hẻm xe hơi'],[],"101,61 triệu/m²","6,3 tỷ- 62 m2đ"
44,"NHÀ 3.5 TẤM HXH GÒ DẦU, 4*12, 4PN,4WC, SÂN THƯỢNG","Gò Dầu, Phường Tân Quý, Quận Tân Phú, Tp Hồ Chí Minh",[],[],[],[],[],48 m²,185 m²,4 phòng,4 phòng,[],[],4 m,12 m,['Đông'],[],['Đã có sổ'],['Nhà phố liền kề'],[],[],[],[],['Hoàn thiện cơ bản'],[],[],['Hẻm xe hơi'],[],"116,67 triệu/m²","5,6 tỷ- 48 m2đ"
45,,,[],[],[],[],[],[],[],[],[],[],[],[],[],[],[],[],[],[],[],[],[],[],[],[],[],[],[],
46,,,[],[],[],[],[],[],[],[],[],[],[],[],[],[],[],[],[],[],[],[],[],[],[],[],[],[],[],
47,"Nhà phố mới, hẻm oto, 8m, Trung Tâm Quận Tân Phú","58, Đường Thạch Lam, Phường Hòa Thạnh, Quận Tân Phú, Tp Hồ Chí Minh",[],[],khu nhà ở cao cấp Thạch Lam,[],[],64 m²,257 m²,4 phòng,5 phòng,4,[],4 m,15.9 m,['Tây Bắc'],[],['Đã có sổ'],['Nhà phố liền kề'],[],[],[],[],['Nội thất đầy đủ'],[],[],"['Hẻm xe hơi', 'Nở hậu']",[],"117,19 triệu/m²","7,5 tỷ- 64 m2đ"
48,"BIỆT THỰ MT Đ. PHẠM NGỌC THẢO,F. TÂY THẠNH 10X18M","Đường Phạm Ngọc Thảo, Phường Tây Thạnh, Quận Tân Phú, Tp Hồ Chí Minh",[],[],[],[],[],180 m²,[],5 phòng,6 phòng,[],[],10 m,18 m,[],[],[],['Nhà biệt thự'],[],[],[],[],[],[],[],[],[],"108,33 triệu/m²","19,5 tỷ- 180 m2đ"
49,"Bán nhà 1 lau chính chủ quận tân phú, 4,6ty","152/11/8, Đường Bình Long, Phường Phú Thạnh, Quận Tân Phú, Tp Hồ Chí Minh",[],[],[],[],[],56 m²,112 m²,3 phòng,2 phòng,2,[],4 m,14 m,['Tây'],[],['Đã có sổ'],['Nhà phố liền kề'],[],[],[],[],['Nội thất đầy đủ'],[],[],['Hẻm xe hơi'],[],"82,14 triệu/m²","4,6 tỷ- 56 m2đ"
50,,,[],[],[],[],[],[],[],[],[],[],[],[],[],[],[],[],[],[],[],[],[],[],[],[],[],[],[],
51,,,[],[],[],[],[],[],[],[],[],[],[],[],[],[],[],[],[],[],[],[],[],[],[],[],[],[],[],
52,Bán nhà hẻm xe tải đường Gò Dầu (4.7x15m)đúc 2 lầu,"Đường Gò Dầu, Phường Tân Quý, Quận Tân Phú, Tp Hồ Chí Minh",[],[],[],[],[],68 m²,200 m²,4 phòng,4 phòng,3,[],4.7 m,15 m,[],[],['Đã có sổ'],['Nhà phố liền kề'],[],[],[],[],[],[],[],"['Hẻm xe hơi', 'Nở hậu']",[],125 triệu/m²,"8,5 tỷ- 68 m2đ"
53,"Ăn Tết đường Lê Trọng Tấn, 50m2, 5 lầu, giá 4,8 tỷ","Đường Lê Trọng Tấn, Phường Tây Thạnh, Quận Tân Phú, Tp Hồ Chí Minh",[],[],[],[],[],50 m²,200 m²,5 phòng,5 phòng,4,[],5 m,10 m,[],[],['Đã có sổ'],['Nhà biệt thự'],[],[],[],[],[],[],[],['Hẻm xe hơi'],[],96 triệu/m²,"4,8 tỷ- 50 m2đ"
54,"nhà hẻm 8m đường Nguyễn Cửu Đàm(4.5x17m,đúc 2 tấm)","nguyễn cửu đàm, Phường Tân Sơn Nhì, Quận Tân Phú, Tp Hồ Chí Minh",[],[],[],[],[],77 m²,190 m²,2 phòng,3 phòng,2,[],4.5 m,17 m,[],[],['Đã có sổ'],['Nhà phố liền kề'],[],[],[],[],[],[],[],['Hẻm xe hơi'],[],"93,51 triệu/m²","7,2 tỷ- 77 m2đ"
