,title,address,project_name,apartment_code,block_name,block_code,square,square_area,square_in_use,bedroom,wc,num_floor,floor,width,height,door,balcony,certificates,house_type,estate_type,office_type,apartment_type,status,furniture_status,estate_status,apartment_specific,house_specific,_type,price_m2,price_square
0,"Biệt thự đường CMT8 , Tân Bình , 8,5x23,5m ,4 tầng","Đường Cách Mạng Tháng Tám, Phường 7, Quận Tân Bình, Tp Hồ Chí Minh",[],[],[],[],[],193 m²,[],5 phòng,6 phòng,4,[],8.5 m,23.5 m,['Đông Bắc'],[],['Đã có sổ'],['Nhà biệt thự'],[],[],[],[],['Nội thất cao cấp'],[],[],['Hẻm xe hơi'],[],"121,76 triệu/m²","23,5 tỷ- 193 m2đ"
1,"Nhà mới xây dựng 3,5 tầng","Đường Nguyễn Phúc Chu, Phường 15, Quận Tân Bình, Tp Hồ Chí Minh",[],[],[],[],[],36.2 m²,136 m²,4 phòng,3 phòng,4,[],3.65 m,10 m,['Tây Nam'],[],['Đã có sổ'],['Nhà phố liền kề'],[],[],[],[],['Nội thất đầy đủ'],[],[],['Hẻm xe hơi'],[],"126,39 triệu/m²","4,55 tỷ- 36.2 m2đ"
2,"Nhà MT Bùi Thị Xuận.P3.Tân Bình mới xây CHỈ 6,7tỷ","Đường Bùi Thị Xuân, Phường 1, Quận Tân Bình, Tp Hồ Chí Minh",[],[],[],[],[],45 m²,90 m²,2 phòng,3 phòng,[],[],4 m,12 m,[],[],[],['Nhà phố liền kề'],[],[],[],[],[],[],[],[],[],"148,89 triệu/m²","6,7 tỷ- 45 m2đ"
3,Nhà Biệt Thự HXH 6m Nguyễn Cảnh Dị.P4.Tân Bình,"Đường Nguyễn Cảnh Dị, Phường 4, Quận Tân Bình, Tp Hồ Chí Minh",[],[],[],[],[],83 m²,275 m²,6 phòng,Nhiều hơn 6 phòng,[],[],5.5 m,11 m,[],[],[],['Nhà biệt thự'],[],[],[],[],[],[],[],[],[],"204,82 triệu/m²",17 tỷ- 83 m2đ
4,Bán biệt thự Nguyễn Trọng Tuyển phường 1 Tân Bình,"Đường Nguyễn Trọng Tuyển, Phường 1, Quận Tân Bình, Tp Hồ Chí Minh",[],[],[],[],[],200 m²,[],4 phòng,[],2,[],[],[],[],[],['Đã có sổ'],['Nhà biệt thự'],[],[],[],[],[],[],[],[],[],160 triệu/m²,32 tỷ- 200 m2đ
5,Nhà đẹp mới xây chưa ở,"Đường Cống Lở, Phường 15, Quận Tân Bình, Tp Hồ Chí Minh",[],[],[],[],[],80 m²,320 m²,6 phòng,Nhiều hơn 6 phòng,[],[],4 m,20 m,['Tây Bắc'],[],[],['Nhà phố liền kề'],[],[],[],[],[],[],[],[],[],"106,25 triệu/m²","8,5 tỷ- 80 m2đ"
6,"Bán nhà Nguyễn sỹ sách f15 6,450 ty 3 lầu nhà đẹp","Đường Nguyễn Sỹ Sách, Phường 15, Quận Tân Bình, Tp Hồ Chí Minh",[],[],[],[],[],56 m²,170 m²,4 phòng,5 phòng,[],[],4 m,14 m,[],[],['Đã có sổ'],['Nhà phố liền kề'],[],[],[],[],[],[],[],[],[],"115,18 triệu/m²","6,45 tỷ- 56 m2đ"
7,CẦN BÁN QUẬN TÂN BÌNH,"277/3, Đường Trường Chinh, Phường 14, Quận Tân Bình, Tp Hồ Chí Minh",[],[],[],[],[],64 m²,64 m²,5 phòng,4 phòng,4,[],8 m,8 m,['Tây'],[],['Đã có sổ'],['Nhà biệt thự'],[],[],[],[],['Nội thất cao cấp'],[],[],['Hẻm xe hơi'],[],"164,06 triệu/m²","10,5 tỷ
GIÁ TỐT
- 64 m2đ"
8,"Nhà 6.1x15m. 3 lầu mới xd 2018 chính chủ, CC Gấp","45/60, Đường Trần Thái Tông, Phường 15, Quận Tân Bình, Tp Hồ Chí Minh",[],[],[],[],[],95 m²,217 m²,4 phòng,4 phòng,3,[],6 m,15 m,['Tây Bắc'],[],['Đã có sổ'],['Nhà biệt thự'],[],[],[],[],['Nội thất cao cấp'],[],[],['Hẻm xe hơi'],[],"85,26 triệu/m²","8,1 tỷ- 95 m2đ"
9,"Nhà 1 trệt 3 lầu đường Cống Lở ,P.15, Tân Bình","Đường Cống Lở, Phường 15, Quận Tân Bình, Tp Hồ Chí Minh",[],[],[],[],[],49 m²,49 m²,5 phòng,4 phòng,3,[],3.5 m,14 m,[],[],['Đã có sổ'],['Nhà phố liền kề'],[],[],[],[],[],[],[],['Hẻm xe hơi'],[],"101,02 triệu/m²","4,95 tỷ- 49 m2đ"
10,bán nhà hẻm 3.5m huỳnh văn nghệ cách hẻm xe h 5m,"Đường Huỳnh Văn Nghệ, Phường 15, Quận Tân Bình, Tp Hồ Chí Minh",[],[],[],[],[],40 m²,[],2 phòng,2 phòng,2,[],[],[],[],[],['Đã có sổ'],['Nhà biệt thự'],[],[],[],[],[],[],[],['Hẻm xe hơi'],[],"88,75 triệu/m²","3,55 tỷ- 40 m2đ"
11,"GẤP LẮM MỚI BÁN NHÀ TRẦN MAI NINH TB, 1 TỶ 098TR","Đường Trần Mai Ninh, Phường 12, Quận Tân Bình, Tp Hồ Chí Minh",[],[],[],[],[],61 m²,[],4 phòng,4 phòng,2,[],6 m,10 m,[],[],['Đã có sổ'],['Nhà biệt thự'],[],[],[],[],['Hoàn thiện cơ bản'],[],[],['Hẻm xe hơi'],[],18 triệu/m²,"1,098 tỷ- 61 m2đ"
12,"Nhà MT Trần Mai Ninh P.12,TB,DT:4*16.5m giá 7,3 tỷ","Đường Trần Mai Ninh, Phường 12, Quận Tân Bình, Tp Hồ Chí Minh",[],[],[],[],[],57 m²,120 m²,3 phòng,3 phòng,[],[],4 m,16.5 m,[],[],['Đã có sổ'],['Nhà phố liền kề'],[],[],[],[],[],[],[],"['Hẻm xe hơi', 'Nở hậu']",[],"128,07 triệu/m²","7,3 tỷ- 57 m2đ"
13,"Bán nhà 78 Đường Út Tịch, Phường 4, Tân Bình","78 út Tịch, Phường 4, Quận Tân Bình, Tp Hồ Chí Minh",[],[],[],[],[],269.9 m²,[],6 phòng,6 phòng,[],[],[],[],[],[],[],['Nhà biệt thự'],[],[],[],[],[],[],[],[],[],"330,86 triệu/m²",89 tỷ- 269.9 m2đ
14,"Cần bán căn biệt thự đẹp giá tốt , Q. Tân Bình","Đường Ba Vân, Phường 14, Quận Tân Bình, Tp Hồ Chí Minh",[],[],[],[],[],103.6 m²,87.3 m²,5 phòng,6 phòng,[],[],5.9 m,17 m,[],[],['Đã có sổ'],['Nhà biệt thự'],[],[],[],[],[],[],[],"['Hẻm xe hơi', 'Nở hậu']",[],"157,28 triệu/m²","16,2 tỷ- 103.6 m2đ"
15,"Bán biệt thự Khu Vip Nguyễn Trọng Tuyển, P.1, TB","Đường Nguyễn Trọng Tuyển, Phường 1, Quận Tân Bình, Tp Hồ Chí Minh",[],[],[],[],[],75 m²,276 m²,7 phòng,Nhiều hơn 6 phòng,[],[],7 m,11 m,['Bắc'],[],['Đã có sổ'],['Nhà biệt thự'],[],[],[],[],[],[],[],"['Hẻm xe hơi', 'Nở hậu']",[],280 triệu/m²,21 tỷ- 75 m2đ
16,"Bán biệt thự 3 lầu đường nguyễn cảnh dị, để lại nt","nguyễn cảnh dị, Phường 4, Quận Tân Bình, Tp Hồ Chí Minh",[],[],[],[],[],86 m²,280 m²,5 phòng,5 phòng,4,[],6.3 m,14 m,[],[],['Đã có sổ'],['Nhà biệt thự'],[],[],[],[],[],[],[],['Hẻm xe hơi'],[],"195,35 triệu/m²","16,8 tỷ- 86 m2đ"
17,"Nhà Cống Lờ P15 TB 4x15m đúc 4,5 tấm giá 6,95 tỷ","133/50/15A, Đường Cống Lờ, Phường 15, Quận Tân Bình, Tp Hồ Chí Minh",[],[],[],[],[],55 m²,225 m²,5 phòng,6 phòng,45,[],4 m,15 m,['Đông Bắc'],[],['Đã có sổ'],['Nhà phố liền kề'],[],[],[],[],['Nội thất cao cấp'],[],[],['Hẻm xe hơi'],[],"126,36 triệu/m²","6,95 tỷ- 55 m2đ"
18,"TRỜI ƠI!!! NHÀ NI SƯ HUỲNH LIÊN, TB,1 TỶ 618TR/SHR","Đường Ni Sư Huỳnh Liên, Phường 10, Quận Tân Bình, Tp Hồ Chí Minh",[],[],[],[],[],71 m²,[],4 phòng,4 phòng,2,[],5 m,14 m,[],[],['Đã có sổ'],['Nhà biệt thự'],[],[],[],[],['Nội thất đầy đủ'],[],[],['Hẻm xe hơi'],[],"22,79 triệu/m²","1,618 tỷ- 71 m2đ"
19,Bán nhà 2 lầu 3 phòng ngủ 3 toilet Nguyễn Sỹ Sách,"Đường Nguyễn Sỹ Sách, Phường 15, Quận Tân Bình, Tp Hồ Chí Minh",[],[],[],[],[],37 m²,100 m²,4 phòng,3 phòng,[],[],32 m,11 m,[],[],['Đã có sổ'],['Nhà phố liền kề'],[],[],[],[],[],[],[],['Hẻm xe hơi'],[],"94,59 triệu/m²","3,5 tỷ- 37 m2đ"
20,Bán nhà đẹp Hoàng Bật Đạt P15 Tân Bình,"Hoàng Bật Đạt, Phường 15, Quận Tân Bình, Tp Hồ Chí Minh",[],[],[],[],[],48 m²,100 m²,2 phòng,2 phòng,[],[],4 m,12 m,[],[],['Đã có sổ'],['Nhà phố liền kề'],[],[],[],[],[],[],[],['Hẻm xe hơi'],[],"83,33 triệu/m²",4 tỷ- 48 m2đ
21,"Nhà 1 trệt ,1 lững ,2 lầu +st=150m2 P15 QTB Tp HCM","Đường Phạm Văn Bạch, Phường 15, Quận Tân Bình, Tp Hồ Chí Minh",[],[],[],[],[],56 m²,150 m²,4 phòng,3 phòng,[],[],4000 m,14000 m,[],[],['Đã có sổ'],['Nhà phố liền kề'],[],[],[],[],[],[],[],"['Hẻm xe hơi', 'Nở hậu']",[],"110,71 triệu/m²","6,2 tỷ- 56 m2đ"
22,"Bán Biệt Thự P.13 Tân Bình, 7.5x16m Nở Hậu 11.5 tỷ","Đường Trường Chinh, Phường 13, Quận Tân Bình, Tp Hồ Chí Minh",[],[],[],[],[],149 m²,170 m²,5 phòng,5 phòng,[],[],7.5 m,16 m,['Đông Bắc'],[],['Đã có sổ'],['Nhà biệt thự'],[],[],[],[],['Nội thất cao cấp'],[],[],"['Hẻm xe hơi', 'Nở hậu']",[],"77,18 triệu/m²","11,5 tỷ- 149 m2đ"
23,"Bán Biệt Thự Khu VIP Bàu Cát,p14,TB.DTSD 500m2","Đường Trương Công Định, Phường 14, Quận Tân Bình, Tp Hồ Chí Minh",[],[],[],[],[],160 m²,500 m²,5 phòng,Nhiều hơn 6 phòng,4,[],8 m,19 m,[],[],['Đã có sổ'],['Nhà biệt thự'],[],[],[],[],['Nội thất cao cấp'],[],[],"['Hẻm xe hơi', 'Nở hậu']",[],"176,75 triệu/m²","28,28 tỷ- 160 m2đ"
24,"Biệt thự 9x15 Giải Phóng p4 Tân Bình, 110m2, 14.5T","Đường Giải Phóng, Phường 4, Quận Tân Bình, Tp Hồ Chí Minh",[],[],[],[],[],110 m²,220 m²,4 phòng,3 phòng,[],[],9 m,15 m,[],[],[],['Nhà biệt thự'],[],[],[],[],[],[],[],[],[],"131,82 triệu/m²","14,5 tỷ- 110 m2đ"
25,Nhà chính chủ cần bán,"45/60, Đường Trần Thái Tông, Phường 15, Quận Tân Bình, Tp Hồ Chí Minh",[],[],[],[],[],90 m²,90 m²,5 phòng,4 phòng,[],[],6 m,15 m,['Tây Bắc'],[],['Đã có sổ'],['Nhà biệt thự'],[],[],[],[],['Nội thất cao cấp'],[],[],"['Hẻm xe hơi', 'Nở hậu']",[],"92,22 triệu/m²","8,3 tỷ- 90 m2đ"
26,Quận Tân Bình đường Bùi Thị Xuân chợ PVH,"Đường Bùi Thị Xuân, Phường 1, Quận Tân Bình, Tp Hồ Chí Minh",[],[],[],[],[],107 m²,[],4 phòng,[],[],[],[],[],[],[],['Đã có sổ'],['Nhà phố liền kề'],[],[],[],[],[],[],[],['Hẻm xe hơi'],[],"121,5 triệu/m²",13 tỷ- 107 m2đ
27,Bán nhà mặt tiền !,"Đường Nguyễn Văn Mại, Phường 4, Quận Tân Bình, Tp Hồ Chí Minh",[],[],[],[],[],190 m²,[],6 phòng,6 phòng,[],[],[],[],['Tây Nam'],[],['Đã có sổ'],['Nhà biệt thự'],[],[],[],[],[],[],[],[],[],"189,47 triệu/m²",36 tỷ- 190 m2đ
28,"Chỉ 6tỷ1 có nhà Trần Văn Hoàng Tân Bình,5 lầu,48m2","Đường Trần Văn Hoàng, Phường 9, Quận Tân Bình, Tp Hồ Chí Minh",[],[],[],[],[],48 m²,240 m²,4 phòng,5 phòng,5,[],[],[],[],[],['Đã có sổ'],['Nhà phố liền kề'],[],[],[],[],['Nội thất cao cấp'],[],[],"['Hẻm xe hơi', 'Nở hậu']",[],"127,08 triệu/m²","6,1 tỷ- 48 m2đ"
29,Bán nhà hẻm 8m 440m2 đất vuông vức p13 tân bình,"Đường Ngô Bệ, Phường 13, Quận Tân Bình, Tp Hồ Chí Minh",[],[],[],[],[],440 m²,[],4 phòng,5 phòng,[],[],[],[],[],[],['Đã có sổ'],['Nhà biệt thự'],[],[],[],[],[],[],[],['Hẻm xe hơi'],[],"95,45 triệu/m²",42 tỷ- 440 m2đ
30,"Nhà 1 trệt 2 lầu,sân thượng,Phan Huy Ích P15,TBinh","118/102, Đường Phan Huy Ích, Phường 15, Quận Tân Bình, Tp Hồ Chí Minh",[],[],[],[],[],60 m²,202 m²,3 phòng,3 phòng,[],[],4 m,15 m,['Đông Nam'],[],[],['Nhà phố liền kề'],[],[],[],[],[],[],[],[],[],"97,5 triệu/m²","5,85 tỷ- 60 m2đ"
31,"Nhà mới xây, có nội thất. Phan Huy Ích, P.15, Q.TB","Đường Phan Huy Ích, Phường 15, Quận Tân Bình, Tp Hồ Chí Minh",[],[],[],[],[],48 m²,185 m²,4 phòng,4 phòng,4,[],4 m,12 m,[],[],['Đã có sổ'],['Nhà phố liền kề'],[],[],[],[],['Nội thất cao cấp'],[],[],"['Hẻm xe hơi', 'Nở hậu']",[],"105,21 triệu/m²","5,05 tỷ- 48 m2đ"
32,"Nhà 1 trệt 3 lầu Nguyễn Sỹ Sách, p.15, Tân bình","Đường Nguyễn Sỹ Sách, Phường 15, Quận Tân Bình, Tp Hồ Chí Minh",[],[],[],[],[],56 m²,200 m²,4 phòng,5 phòng,4,[],4 m,14 m,['Tây Nam'],[],['Đã có sổ'],['Nhà phố liền kề'],[],[],[],[],['Nội thất cao cấp'],[],[],"['Hẻm xe hơi', 'Nở hậu']",[],"120,54 triệu/m²","6,75 tỷ- 56 m2đ"
33,Nhà 3lầu khu dân cư đồng bộ đường Cống lở p15 Tân,"Đường Cống Lở, Phường 15, Quận Tân Bình, Tp Hồ Chí Minh",[],[],[],[],[],65 m²,259 m²,4 phòng,6 phòng,[],[],4.6 m,14 m,['Đông Nam'],[],[],['Nhà phố liền kề'],[],[],[],[],[],[],[],[],[],"138,46 triệu/m²",9 tỷ- 65 m2đ
34,"Biệt thự bán 1 trệt ,3 lầu + tầng áp Mái Thái ,QTB","Đường Phạm Văn Bạch, Phường 15, Quận Tân Bình, Tp Hồ Chí Minh",[],[],[],[],[],250 m²,370 m²,6 phòng,5 phòng,[],[],11 m,24 m,['Đông Nam'],[],['Đã có sổ'],['Nhà biệt thự'],[],[],[],[],[],[],[],"['Hẻm xe hơi', 'Nở hậu']",[],88 triệu/m²,22 tỷ- 250 m2đ
35,Nhà bán chính chủ 75m2 đường nguyễn bặc p3 tb,"71/66, Đường Nguyễn Bặc, Phường 3, Quận Tân Bình, Tp Hồ Chí Minh",[],[],Nhà ở riêng lẻ,[],[],84 m²,90 m²,2 phòng,2 phòng,2,[],4 m,22 m,['Nam'],[],['Đã có sổ'],['Nhà phố liền kề'],[],[],[],[],[],[],[],"['Hẻm xe hơi', 'Nở hậu']",[],"116,67 triệu/m²","9,8 tỷ- 84 m2đ"
36,Chủ đang ở cần bán căn nhà đường trần thái tông,"Đường Trần Thánh Tông, Phường 15, Quận Tân Bình, Tp Hồ Chí Minh",[],[],[],[],[],63 m²,220 m²,4 phòng,6 phòng,[],[],306 m,17 m,['Tây Bắc'],[],['Đã có sổ'],['Nhà phố liền kề'],[],[],[],[],['Nội thất đầy đủ'],[],[],['Hẻm xe hơi'],[],"94,92 triệu/m²","5,98 tỷ- 63 m2đ"
37,4x16 Phan huy ích P15. Hẽm thông xe hơi. Tặng N.T,"118, Phan Huy Ích, Phường 15, Quận Tân Bình, Tp Hồ Chí Minh",[],[],[],[],[],60 m²,60 m²,4 phòng,5 phòng,4,[],4 m,16 m,[],[],['Đã có sổ'],['Nhà phố liền kề'],[],[],[],[],['Nội thất cao cấp'],[],[],[],[],"113,33 triệu/m²","6,8 tỷ- 60 m2đ"
38,"Gấp Nhà Tân Bình P7 58m2 Chỉ 5,1 Tỷ Khu Biệt Thự","Đường Cách Mạng Tháng Tám, Phường 7, Quận Tân Bình, Tp Hồ Chí Minh",[],[],[],[],[],58 m²,[],3 phòng,[],[],[],[],[],[],[],['Đã có sổ'],['Nhà biệt thự'],[],[],[],[],[],[],[],[],[],"87,93 triệu/m²","5,1 tỷ- 58 m2đ"
39,"Bán nhà Bạch Đằng,P.2 Tân Bình - 8.8x23m2","Đường Bạch Đằng, Phường 2, Quận Tân Bình, Tp Hồ Chí Minh",[],[],[],[],[],202 m²,404 m²,6 phòng,3 phòng,[],[],8.8 m,23 m,['Đông Bắc'],[],['Đã có sổ'],['Nhà biệt thự'],[],[],[],[],[],[],[],['Hẻm xe hơi'],[],"133,66 triệu/m²",27 tỷ- 202 m2đ
40,Bán gấp biệt thự kiến Trúc Đẹp cổ điển tại TPHCM,"Đường Hậu Giang, Phường 4, Quận Tân Bình, Tp Hồ Chí Minh",[],[],[],[],[],178 m²,[],7 phòng,Nhiều hơn 6 phòng,[],[],[],[],[],[],[],['Nhà biệt thự'],[],[],[],[],[],[],[],[],[],"185,39 triệu/m²",33 tỷ- 178 m2đ
41,Nhà vị trí siêu đep số 60/18 huỳnh v nghệ p15 tbin,"Đường Huỳnh Văn Nghệ, Phường 15, Quận Tân Bình, Tp Hồ Chí Minh",[],[],[],[],[],50 m²,[],6 phòng,5 phòng,[],[],[],[],['Đông Nam'],[],['Đã có sổ'],['Nhà biệt thự'],[],[],[],[],[],[],[],[],[],137 triệu/m²,"6,85 tỷ- 50 m2đ"
42,"Nhà Biệt Thự Khu Bàu Cát P14 TB, DT 6x19m","Bàu Cát, Phường 14, Quận Tân Bình, Tp Hồ Chí Minh",[],[],[],[],[],107 m²,[],5 phòng,6 phòng,5,[],6 m,19 m,[],[],['Đã có sổ'],['Nhà biệt thự'],[],[],[],[],['Nội thất cao cấp'],[],[],['Hẻm xe hơi'],[],"149,53 triệu/m²",16 tỷ- 107 m2đ
43,Bán nhà biệt thự ngay sân bay,"21, Yên Thế, Phường 2, Quận Tân Bình, Tp Hồ Chí Minh",[],[],[],[],[],128 m²,250 m²,5 phòng,6 phòng,[],[],8 m,16 m,[],[],['Đã có sổ'],['Nhà biệt thự'],[],[],[],[],['Nội thất đầy đủ'],[],[],[],[],250 triệu/m²,32 tỷ- 128 m2đ
44,Bán nhà hẻm 281 lê văn sỹ nhà 5 lầu có thang máy,"281/62/4 hoac 172, Đường Lê Văn Sỹ, Phường 1, Quận Tân Bình, Tp Hồ Chí Minh",[],[],[],[],[],39 m²,198 m²,4 phòng,5 phòng,[],[],3 m,15 m,[],[],[],['Nhà phố liền kề'],[],[],[],[],[],[],[],[],[],"305,13 triệu/m²","11,9 tỷ- 39 m2đ"
45,Nhà biệt thự hiện đại mặt tiền Yên Thế,"21, Đường Yên Thế, Phường 2, Quận Tân Bình, Tp Hồ Chí Minh",[],[],[],[],[],128 m²,512 m²,10 phòng,Nhiều hơn 6 phòng,[],[],8 m,16 m,[],[],['Đã có sổ'],['Nhà biệt thự'],[],[],[],[],['Nội thất đầy đủ'],[],[],[],[],250 triệu/m²,32 tỷ- 128 m2đ
46,BÁN CĂN HỘ DỊCH VỤ TÂN BÌNH 100M2 - 13 PHÒNG 16 TỶ,"Đường Phạm Văn Hai, Phường 3, Quận Tân Bình, Tp Hồ Chí Minh",[],[],[],[],[],96 m²,[],nhiều hơn 10 phòng,Nhiều hơn 6 phòng,[],[],[],[],[],[],['Đã có sổ'],['Nhà phố liền kề'],[],[],[],[],['Nội thất cao cấp'],[],[],['Hẻm xe hơi'],[],"166,67 triệu/m²",16 tỷ- 96 m2đ
47,"nhà HXH Trường Chinh 60m2 4x15, 5 tầng 4PN,5.85 tỷ","Đường Trường Chinh, Phường 14, Quận Tân Bình, Tp Hồ Chí Minh",[],[],[],[],[],60 m²,[],4 phòng,5 phòng,[],[],4 m,15 m,[],[],['Đã có sổ'],['Nhà phố liền kề'],[],[],[],[],[],[],[],['Hẻm xe hơi'],[],"97,5 triệu/m²","5,85 tỷ- 60 m2đ"
48,Biệt Thự Khu biệt thự Mekong,"3/9 (khu biệt thự Mekong), Đường Phổ Quang, Phường 2, Quận Tân Bình, Tp Hồ Chí Minh",[],[],[],[],[],172 m²,132 m²,5 phòng,5 phòng,[],[],8 m,22 m,['Nam'],[],['Đã có sổ'],['Nhà biệt thự'],[],[],[],[],['Hoàn thiện cơ bản'],[],[],"['Hẻm xe hơi', 'Nở hậu']",[],"220,93 triệu/m²",38 tỷ- 172 m2đ
49,"Bán dãy trọ Phạm Văn Bạch, 9P+kiot, giá 980Tr","Đường Phạm Văn Bạch, Phường 15, Quận Tân Bình, Tp Hồ Chí Minh",[],[],[],[],[],180 m²,180 m²,nhiều hơn 10 phòng,Nhiều hơn 6 phòng,[],[],9 m,20 m,[],[],[],['Nhà phố liền kề'],[],[],[],[],[],[],[],[],[],"5,44 triệu/m²",980 triệu- 180 m2đ
50,"Mặt tiền nội bộ hoàng hoa thám f13 ,11× 8m","Đường Hoàng Hoa Thám, Phường 13, Quận Tân Bình, Tp Hồ Chí Minh",[],[],[],[],[],81 m²,240 m²,5 phòng,5 phòng,[],[],11 m,8 m,['Nam'],[],['Đã có sổ'],['Nhà biệt thự'],[],[],[],[],['Nội thất cao cấp'],[],[],"['Hẻm xe hơi', 'Nở hậu']",[],"148,15 triệu/m²",12 tỷ- 81 m2đ
51,"Nhà 1 trệt, 1 lửng, 1 lầu, hẻm XH 6m Tân Bình","73/4/32, Đường Ni Sư Huỳnh Liên, Phường 10, Quận Tân Bình, Tp Hồ Chí Minh",[],[],[],[],[],50 m²,135 m²,4 phòng,3 phòng,[],[],4 m,13 m,[],[],['Đã có sổ'],['Nhà phố liền kề'],[],[],[],[],['Nội thất đầy đủ'],[],[],[],[],146 triệu/m²,"7,3 tỷ- 50 m2đ"
52,Chính Chủ Bán Biệt Thự Lam Sơn P2 Tân Bình,"Đường Lam Sơn, Phường 2, Quận Tân Bình, Tp Hồ Chí Minh",[],[],[],[],[],216 m²,[],4 phòng,4 phòng,[],[],12 m,18 m,[],[],['Đã có sổ'],['Nhà biệt thự'],[],[],[],[],[],[],[],['Hẻm xe hơi'],[],"129,63 triệu/m²",28 tỷ- 216 m2đ
53,Nhà Phố HXH đường Phạm Văn Bạch P15 .QTB TP HCM,"Đường Phạm Văn Bạch, Phường 15, Quận Tân Bình, Tp Hồ Chí Minh",[],[],[],[],[],82 m²,252 m²,4 phòng,4 phòng,[],[],5000 m,18000 m,['Tây'],[],['Đã có sổ'],['Nhà phố liền kề'],[],[],[],[],[],[],[],"['Hẻm xe hơi', 'Nở hậu']",[],"115,85 triệu/m²","9,5 tỷ- 82 m2đ"
54,,,[],[],[],[],[],[],[],[],[],[],[],[],[],[],[],[],[],[],[],[],[],[],[],[],[],[],[],
55,,,[],[],[],[],[],[],[],[],[],[],[],[],[],[],[],[],[],[],[],[],[],[],[],[],[],[],[],
56,Biệt Thự Đẹp Lung Linh Đường Hoàng Kế Viêm K300 TB,"23D, Đường Hoàng Kế Viêm, Phường 12, Quận Tân Bình, Tp Hồ Chí Minh",[],[],[],[],[],160 m²,450 m²,5 phòng,5 phòng,5,[],8 m,20 m,[],[],['Đã có sổ'],['Nhà biệt thự'],[],[],[],[],[],[],[],[],[],"167,5 triệu/m²","26,8 tỷ- 160 m2đ"
57,1 trệt 3 lầu 64m2 đường âu cơ f10 q tân bình,"563 /32 /32 /8, Âu Cơ, Phường 10, Quận Tân Bình, Tp Hồ Chí Minh",[],[],[],[],[],64.4 m²,220 m²,4 phòng,4 phòng,[],[],3.8 m,17 m,['Đông Nam'],[],[],['Nhà phố liền kề'],[],[],[],[],[],[],[],[],[],125 triệu/m²,8 tỷ- 64.4 m2đ
58,Bán Biệt Thự nội thất cao cấp Nguyễn Trọng Tuyển,"Đường Nguyễn Trọng Tuyển, Phường 1, Quận Tân Bình, Tp Hồ Chí Minh",[],[],[],[],[],155 m²,241 m²,5 phòng,6 phòng,[],[],10 m,15 m,[],[],['Đã có sổ'],['Nhà biệt thự'],[],[],[],[],['Nội thất cao cấp'],[],[],['Hẻm xe hơi'],[],"219,35 triệu/m²",34 tỷ- 155 m2đ
59,"🛑Nhà Bàu Cát, P12, DT: 5x22m, 3 lầu mới","bàu cát, Phường 12, Quận Tân Bình, Tp Hồ Chí Minh",[],[],[],[],[],120 m²,360 m²,9 phòng,Nhiều hơn 6 phòng,[],[],5 m,22 m,[],[],['Đã có sổ'],['Nhà phố liền kề'],[],[],[],[],[],[],[],['Nở hậu'],[],"89,92 triệu/m²","10,79 tỷ- 120 m2đ"
60,"bán nhà HXH Trần Văn Hoàng 52m2,4PN chỉ 6.05 tỷ","Đường Trần Văn Hoàng, Phường 9, Quận Tân Bình, Tp Hồ Chí Minh",[],[],[],[],[],52 m²,250 m²,4 phòng,4 phòng,[],[],4 m,13 m,[],[],[],['Nhà phố liền kề'],[],[],[],[],[],[],[],[],[],"116,35 triệu/m²","6,05 tỷ- 52 m2đ"
61,"Biệt Thự Mê Công Hầm + 2 Tầng, Phổ Quang, Tân Bình","3, Đường Phổ Quang, Phường 2, Quận Tân Bình, Tp Hồ Chí Minh",[],[],[],[],[],140 m²,350 m²,4 phòng,4 phòng,3,[],8 m,19 m,[],[],['Đã có sổ'],['Nhà biệt thự'],[],[],[],[],[],[],[],['Hẻm xe hơi'],[],200 triệu/m²,28 tỷ- 140 m2đ
62,biet thu 1 tret 2 lau,"521/25, Đường Hoàng Văn Thụ, Phường 4, Quận Tân Bình, Tp Hồ Chí Minh",[],[],[],[],[],275 m²,800 m²,3 phòng,[],[],[],12 m,25 m,[],[],[],['Nhà biệt thự'],[],[],[],[],[],[],[],[],[],"141,82 triệu/m²",39 tỷ- 275 m2đ
63,Biệt thự đường trường sơn sân bay tân sơn nhất,"Trường son, Phường 2, Quận Tân Bình, Tp Hồ Chí Minh",[],[],[],[],[],70 m²,136 m²,4 phòng,5 phòng,[],[],6 m,12 m,[],[],['Đã có sổ'],['Nhà biệt thự'],[],[],[],[],[],[],[],[],[],"182,86 triệu/m²","12,8 tỷ- 70 m2đ"
64,Nhà biệt thự 135 m2 đường Trần Thái Tông p15 TB,"Trần Thái Tông, Phường 15, Quận Tân Bình, Tp Hồ Chí Minh",[],[],[],[],[],135 m²,135 m²,4 phòng,5 phòng,[],[],8.7 m,17 m,[],[],[],['Nhà biệt thự'],[],[],[],[],[],[],[],[],[],100 triệu/m²,"13,5 tỷ- 135 m2đ"
65,"Nhà Hoàng Gia CMT8 HXH 4 Tầng 94m2 5,5x17 110tr/m2","Đường Cách Mạng Tháng Tám, Phường 5, Quận Tân Bình, Tp Hồ Chí Minh",[],[],[],[],[],94 m²,345 m²,4 phòng,5 phòng,4,[],5.5 m,17 m,['Đông'],[],['Đã có sổ'],['Nhà biệt thự'],[],[],[],[],['Nội thất cao cấp'],[],[],"['Hẻm xe hơi', 'Nở hậu']",[],"137,23 triệu/m²","12,9 tỷ- 94 m2đ"
66,Quận Tân Bình 148m²,"79/17, Đường Đặng Văn Sâm, Phường 2, Quận Tân Bình, Tp Hồ Chí Minh",[],[],[],[],[],148 m²,[],nhiều hơn 10 phòng,Nhiều hơn 6 phòng,[],[],13 m,11 m,[],[],[],['Nhà biệt thự'],[],[],[],[],[],[],[],[],[],"304,05 triệu/m²",45 tỷ- 148 m2đ
67,Nhà chính chủ 4x17 khu 100 căn Cống Lở lửng 3 lầu,"Đường Cống Lở, Phường 15, Quận Tân Bình, Tp Hồ Chí Minh",[],[],[],[],[],72 m²,[],4 phòng,5 phòng,[],[],4 m,17 m,[],[],[],['Nhà phố liền kề'],[],[],[],[],[],[],[],[],[],"94,44 triệu/m²","6,8 tỷ- 72 m2đ"
68,Bán nhà biệt thự 35 đường đại nghĩa p6 tân bình,"Đường Đại Nghĩa, Phường 6, Quận Tân Bình, Tp Hồ Chí Minh",[],[],[],[],[],120 m²,216 m²,2 phòng,2 phòng,1,[],6 m,20 m,['Tây Bắc'],[],['Đã có sổ'],['Nhà biệt thự'],[],[],[],[],[],[],[],['Hẻm xe hơi'],[],"106,67 triệu/m²","12,8 tỷ- 120 m2đ"
69,"Nhà 1 trệt ,1 lững ,3 lầu +st =250m2 Tân Trụ ,Q TB","Đường Tân Trụ, Phường 15, Quận Tân Bình, Tp Hồ Chí Minh",[],[],[],[],[],48 m²,250 m²,5 phòng,4 phòng,[],[],4000 m,12000 m,[],[],['Đã có sổ'],['Nhà phố liền kề'],[],[],[],[],[],[],[],"['Hẻm xe hơi', 'Nở hậu']",[],"127,08 triệu/m²","6,1 tỷ- 48 m2đ"
70,"Hẻm xe tải gần chợ tân bình. Dt 12x12m, 1 trệt.3l","Đường Lạc Long Quân, Phường 9, Quận Tân Bình, Tp Hồ Chí Minh",[],[],[],[],[],120 m²,396 m²,4 phòng,5 phòng,[],[],12 m,12 m,[],[],[],['Nhà biệt thự'],[],[],[],[],[],[],[],[],[],"124,17 triệu/m²","14,9 tỷ- 120 m2đ"
71,Biệt Thự VIP 531m2 Khu Cư Xá Tự Do P7 Tân Bình,"Đường Cách Mạng Tháng Tám, Phường 7, Quận Tân Bình, Tp Hồ Chí Minh",[],[],[],[],[],531 m²,531 m²,9 phòng,Nhiều hơn 6 phòng,[],[],9 m,18 m,['Tây Nam'],[],['Đã có sổ'],['Nhà biệt thự'],[],[],[],[],['Nội thất cao cấp'],[],[],['Hẻm xe hơi'],[],"67,8 triệu/m²",36 tỷ- 531 m2đ
72,"Bán Biệt Thự đường Bàu Cát 2, P.14, Tân Bình","Đường Bàu Cát 2, Phường 14, Quận Tân Bình, Tp Hồ Chí Minh",[],[],[],[],[],85.2 m²,[],3 phòng,4 phòng,[],[],6 m,14.2 m,[],[],['Đã có sổ'],['Nhà biệt thự'],[],[],[],[],['Nội thất cao cấp'],[],[],['Hẻm xe hơi'],[],"197,65 triệu/m²","16,8 tỷ- 85.2 m2đ"
73,"Bán nhà HXH đổ cửa Lê Văn Sỹ, p.1 Tân Bình","Đường Lê Văn Sỹ, Phường 1, Quận Tân Bình, Tp Hồ Chí Minh",[],[],[],[],[],65.3 m²,[],3 phòng,4 phòng,3,[],5.5 m,[],[],[],['Đã có sổ'],['Nhà phố liền kề'],[],[],[],[],[],[],[],[],[],"250,77 triệu/m²","16,3 tỷ- 65.3 m2đ"
74,Cần bán một VIÊN NGỌC THÔ HXH 12m Phổ Quang,"Đường Phổ Quang, Phường 2, Quận Tân Bình, Tp Hồ Chí Minh",[],[],[],[],[],90 m²,90 m²,4 phòng,4 phòng,[],[],4.1 m,22 m,[],[],['Đã có sổ'],['Nhà biệt thự'],[],[],[],[],[],[],[],"['Hẻm xe hơi', 'Nở hậu']",[],"142,22 triệu/m²","12,8 tỷ- 90 m2đ"
75,"<ChínhChủ>Nhà biệt thự mini(1 trệt,3 lầu,4phong,.","Đường Bàu Cát 1, Phường 14, Quận Tân Bình, Tp Hồ Chí Minh",[],[],[],[],[],110 m²,107 m²,4 phòng,4 phòng,[],[],6 m,18 m,[],[],['Đã có sổ'],['Nhà biệt thự'],[],[],[],[],['Nội thất đầy đủ'],[],[],"['Hẻm xe hơi', 'Nở hậu']",[],"159,09 triệu/m²","17,5 tỷ- 110 m2đ"
76,Bán nhà mới xây 1trệt 3lầu cực đẹp giá 4.5ty TL,"55/..., Đường Nguyễn Phúc Chu, Phường 15, Quận Tân Bình, Tp Hồ Chí Minh",[],[],[],[],[],43 m²,135 m²,4 phòng,4 phòng,[],[],4 m,12 m,['Đông Nam'],[],['Đã có sổ'],['Nhà phố liền kề'],[],[],[],[],['Nội thất đầy đủ'],[],[],"['Hẻm xe hơi', 'Nở hậu']",[],"104,65 triệu/m²","4,5 tỷ- 43 m2đ"
77,"Nhà 1 trệt 1 lầu 96m2 đường cống lở, p15,tân bình","87/63, Nguyễn Sỹ Sách, Phường 15, Quận Tân Bình, Tp Hồ Chí Minh",[],154/23,Khu phố 6,[],[],96 m²,96 m²,3 phòng,3 phòng,1,[],5 m,18 m,['Tây Bắc'],[],['Đã có sổ'],['Nhà biệt thự'],[],[],[],[],['Nội thất đầy đủ'],[],[],"['Hẻm xe hơi', 'Nở hậu']",[],"57,29 triệu/m²","5,5 tỷ- 96 m2đ"
78,"Bán gấp nhà HXH Nguyễn Phúc Chu,4 lầu,60m2,5.95 tỷ","Đường Nguyễn Phúc Chu, Phường 15, Quận Tân Bình, Tp Hồ Chí Minh",[],[],[],[],[],60 m²,300 m²,4 phòng,5 phòng,[],[],4 m,15 m,[],[],['Đã có sổ'],['Nhà phố liền kề'],[],[],[],[],[],[],[],['Hẻm xe hơi'],[],"99,17 triệu/m²","5,95 tỷ- 60 m2đ"
79,Biệt thự sân vườn hồ bơi vip Nguyễn Trọng Tuyển,"343, Đường Nguyễn Trọng Tuyển, Phường 1, Quận Tân Bình, Tp Hồ Chí Minh",[],[],[],[],[],155 m²,240 m²,6 phòng,6 phòng,4,[],9.5 m,17 m,[],[],['Đã có sổ'],['Nhà biệt thự'],[],[],[],[],['Nội thất cao cấp'],[],[],"['Hẻm xe hơi', 'Nở hậu']",[],"219,35 triệu/m²",34 tỷ- 155 m2đ
80,"Nhà CỐNG LỠ, HXH, P15 TÂN BÌNH, 64M2, 5tầng- Chỉ :","Đường Cống Lở, Phường 15, Quận Tân Bình, Tp Hồ Chí Minh",[],[],[],[],[],64 m²,320 m²,5 phòng,5 phòng,5,[],4 m,16 m,[],[],['Đã có sổ'],['Nhà phố liền kề'],[],[],[],[],['Nội thất cao cấp'],[],[],"['Hẻm xe hơi', 'Nở hậu']",[],"114,06 triệu/m²","7,3 tỷ- 64 m2đ"
81,"Bán nhà 29/4c Trần Thái Tông. F15, Tân Bình","Đường Trần Thái Tông, Phường 15, Quận Tân Bình, Tp Hồ Chí Minh",[],[],[],[],[],56 m²,[],3 phòng,3 phòng,[],[],4 m,14 m,[],[],['Đã có sổ'],['Nhà phố liền kề'],[],[],[],[],[],[],[],['Hẻm xe hơi'],[],"112,5 triệu/m²","6,3 tỷ- 56 m2đ"
82,,,[],[],[],[],[],[],[],[],[],[],[],[],[],[],[],[],[],[],[],[],[],[],[],[],[],[],[],
83,Chủ nhà ngộp bank bán gấp biệt thử giá siêu tốt,"Đường Ni Sư Huỳnh Liên, Phường 11, Quận Tân Bình, Tp Hồ Chí Minh",[],[],[],[],[],150 m²,150 m²,4 phòng,3 phòng,3,[],10 m,15 m,[],[],['Đã có sổ'],['Nhà biệt thự'],[],[],[],[],[],[],[],"['Hẻm xe hơi', 'Nở hậu']",[],100 triệu/m²,15 tỷ- 150 m2đ
84,Biệt thự nguyễn văn trỗi p1 tân bình 12.3 tỷ TL,"Đường Nguyễn Văn Trỗi, Phường 1, Quận Tân Bình, Tp Hồ Chí Minh",[],[],[],[],[],50 m²,200 m²,4 phòng,5 phòng,4,[],6 m,8.4 m,[],[],['Đã có sổ'],['Nhà biệt thự'],[],[],[],[],[],[],[],['Hẻm xe hơi'],[],246 triệu/m²,"12,3 tỷ- 50 m2đ"
