,title,address,project_name,apartment_code,block_name,block_code,square,square_area,square_in_use,bedroom,wc,num_floor,floor,width,height,door,balcony,certificates,house_type,estate_type,office_type,apartment_type,status,furniture_status,estate_status,apartment_specific,house_specific,_type,price_m2,price_square
0,Bán nhà 1 trệt 1 lầu. 58m2. Phường Bình Chiểu Thủ,"185/26, Đường Ngô Chí Quốc, Phường Bình Chiểu, Quận Thủ Đức, Tp Hồ Chí Minh",[],[],[],[],[],58 m²,100 m²,2 phòng,2 phòng,[],[],4 m,14 m,['Tây Nam'],[],['Đã có sổ'],['Nhà phố liền kề'],[],[],[],[],['Hoàn thiện cơ bản'],[],[],['Hẻm xe hơi'],[],"56,03 triệu/m²","3,25 tỷ- 58 m2đ"
1,"Bán Biệt thự Linh Đông, P Linh Đông, Q TĐ DT 176m2","đường linh đông quận thủ đức, Phường Linh Đông, Quận Thủ Đức, Tp Hồ Chí Minh",[],[],[],[],[],176 m²,85 m²,4 phòng,5 phòng,[],[],8 m,22 m,[],[],['Đã có sổ'],['Nhà biệt thự'],[],[],[],[],[],[],[],['Hẻm xe hơi'],[],"42,61 triệu/m²","7,5 tỷ- 176 m2đ"
2,"Nhà 2 lầu 85m2 đất, sàn 140m2 ngay TT Linh Chiểu","Đường Kha Vạn Cân, Phường Linh Chiểu, Quận Thủ Đức, Tp Hồ Chí Minh",[],[],[],[],[],85 m²,140 m²,2 phòng,2 phòng,2,[],5.5 m,15.5 m,[],[],['Đã có sổ'],['Nhà phố liền kề'],[],[],[],[],[],[],[],['Hẻm xe hơi'],[],"56,47 triệu/m²","4,8 tỷ- 85 m2đ"
3,NHÀ 3.5 TẤM_4.3X16_GẦN CẦU TRƯỜNG THỌ_PHẠM V ĐỒNG,"Đường Phạm Văn Đồng, Phường Trường Thọ, Quận Thủ Đức, Tp Hồ Chí Minh",[],[],[],[],[],66 m²,199 m²,4 phòng,4 phòng,4,[],4.3 m,16 m,[],[],['Đã có sổ'],['Nhà phố liền kề'],[],[],[],[],[],[],[],['Hẻm xe hơi'],[],"80,3 triệu/m²","5,3 tỷ- 66 m2đ"
4,"GẤP, Nhà ĐẸP 1 TRỆT 2 LẦU, P.HBP, Thủ Đức","21/3, Đường Số 2, Phường Hiệp Bình Phước, Quận Thủ Đức, Tp Hồ Chí Minh",[],[],[],[],[],50 m²,142 m²,4 phòng,3 phòng,[],[],4 m,11 m,['Đông Bắc'],[],['Đã có sổ'],['Nhà phố liền kề'],[],[],[],[],['Nội thất đầy đủ'],[],[],['Hẻm xe hơi'],[],110 triệu/m²,"5,5 tỷ- 50 m2đ"
5,"NHÀ QUỐC LỘ 13, HBP, THỦ ĐỨC","Đường Quốc Lộ 13, Phường Hiệp Bình Phước, Quận Thủ Đức, Tp Hồ Chí Minh",[],[],[],[],[],30 m²,90 m²,4 phòng,3 phòng,3,[],3 m,10 m,['Tây Bắc'],[],['Đã có sổ'],['Nhà phố liền kề'],[],[],[],[],['Hoàn thiện cơ bản'],[],[],['Hẻm xe hơi'],[],"58,33 triệu/m²","1,75 tỷ- 30 m2đ"
6,"Nhà vị trí siêu đẹp PVĐ vào chỉ 200m, Hẻm rộng 8m","Đường Số 22, Phường Linh Đông, Quận Thủ Đức, Tp Hồ Chí Minh",[],[],[],[],[],58 m²,100 m²,2 phòng,2 phòng,[],[],4 m,15 m,[],[],['Đã có sổ'],['Nhà phố liền kề'],[],[],[],[],[],[],[],['Hẻm xe hơi'],[],"87,93 triệu/m²","5,1 tỷ- 58 m2đ"
7,"Biệt Thự KDC Điện Ảnh Đường 25 Phạm Văn Đồng, SHR","Đường Số 25, Phường Hiệp Bình Chánh, Quận Thủ Đức, Tp Hồ Chí Minh",[],[],khu dân cư Điện Ảnh,[],[],180 m²,180 m²,6 phòng,Nhiều hơn 6 phòng,3,[],9 m,20 m,[],[],['Đã có sổ'],['Nhà biệt thự'],[],[],[],[],['Nội thất đầy đủ'],[],[],"['Hẻm xe hơi', 'Nở hậu']",[],"77,78 triệu/m²",14 tỷ- 180 m2đ
8,"Biết Thự Bên Sông, Đường Số 25, HBC, Thủ Đức","đường số 25, Phường Hiệp Bình Chánh, Quận Thủ Đức, Tp Hồ Chí Minh",[],[],[],[],[],123 m²,315 m²,5 phòng,6 phòng,3,[],7 m,17.7 m,['Đông Nam'],[],['Đã có sổ'],['Nhà biệt thự'],[],[],[],[],['Nội thất cao cấp'],[],[],[],[],"105,69 triệu/m²",13 tỷ- 123 m2đ
9,"Xây mới 1T2L, sân ô tô, 3PN, sổ hồng riêng,ở ngay","Đường Số 12, Phường Hiệp Bình Phước, Quận Thủ Đức, Tp Hồ Chí Minh",[],[],[],[],[],71.5 m²,163.42 m²,3 phòng,3 phòng,3,[],4 m,17.84 m,['Tây Nam'],[],['Đã có sổ'],['Nhà phố liền kề'],[],[],[],[],['Hoàn thiện cơ bản'],[],[],['Hẻm xe hơi'],[],"70,42 triệu/m²",5 tỷ- 71.5 m2đ
10,"Nhà C4 mới tinh, 68m2 đất Phạm Văn Đồng vào 100m","Đường Linh Đông, Phường Linh Đông, Quận Thủ Đức, Tp Hồ Chí Minh",[],[],[],[],[],68 m²,68 m²,2 phòng,1 phòng,[],[],4 m,17 m,['Tây'],[],['Đã có sổ'],['Nhà phố liền kề'],[],[],[],[],[],[],[],['Hẻm xe hơi'],[],"67,65 triệu/m²","4,6 tỷ- 68 m2đ"
11,"BÁN NHÀ NGAY CHỢ HIỆP BÌNH, PHƯỜNG HIỆP BÌNH CHÁNH","HẺM 9, ĐƯỜNG 36, Phường Hiệp Bình Chánh, Quận Thủ Đức, Tp Hồ Chí Minh",[],[],[],[],[],46 m²,46 m²,2 phòng,2 phòng,[],[],4.5 m,10.2 m,['Tây Nam'],[],[],['Nhà phố liền kề'],[],[],[],[],[],[],[],[],[],"76,09 triệu/m²","3,5 tỷ- 46 m2đ"
12,Biệt Thự mini ngang 7 SHR ngay Ngã 4 Bình Phước,"đường số 10, Phường Hiệp Bình Chánh, Quận Thủ Đức, Tp Hồ Chí Minh",[],[],[],[],[],64 m²,180 m²,3 phòng,4 phòng,3,[],4.35 m,15 m,[],[],['Đã có sổ'],['Nhà phố liền kề'],[],[],[],[],['Nội thất cao cấp'],[],[],[],[],"83,13 triệu/m²","5,32 tỷ- 64 m2đ"
13,bán nhà dĩ an 1trệt4x14m= 54m thổ cưsổ hồng riêng,"911/, Dt743b, Phường Bình Chiểu, Quận Thủ Đức, Tp Hồ Chí Minh",[],[],[],[],[],54 m²,54 m²,2 phòng,1 phòng,[],[],4 m,14 m,['Đông'],[],['Đã có sổ'],['Nhà phố liền kề'],[],[],[],[],[],[],[],['Nở hậu'],[],"27,78 triệu/m²","1,5 tỷ- 54 m2đ"
14,"Biệt thự Siêu Sang JAMONA,HBP,Q Thủ Đức,DTSD 225m2","Đường số 12, Phường Hiệp Bình Phước, Quận Thủ Đức, Tp Hồ Chí Minh",[],[],[],[],[],133 m²,225 m²,4 phòng,4 phòng,[],[],6.5 m,20.5 m,['Đông Nam'],[],[],['Nhà biệt thự'],[],[],[],[],[],[],[],[],[],"90,23 triệu/m²",12 tỷ- 133 m2đ
15,NHÀ 3.5 LẦU_4.3X15M_6CC/CẦU TRƯỜNG THỌ_PHẠM V ĐỒNG,"phạm văn đồng, Phường Trường Thọ, Quận Thủ Đức, Tp Hồ Chí Minh",[],[],[],[],[],63 m²,188 m²,4 phòng,4 phòng,3,[],4.3 m,15 m,[],[],['Đã có sổ'],['Nhà phố liền kề'],[],[],[],[],[],[],[],['Hẻm xe hơi'],[],"84,13 triệu/m²","5,3 tỷ- 63 m2đ"
16,🔴🔴Bán Nhà chính chủ 70m*3 lầu D11 - HBC- Thủ Đức,"D9, Phường Hiệp Bình Chánh, Quận Thủ Đức, Tp Hồ Chí Minh",[],[],[],[],[],70 m²,[],3 phòng,4 phòng,[],[],[],[],[],[],['Đã có sổ'],['Nhà phố liền kề'],[],[],[],[],[],[],[],['Hẻm xe hơi'],[],100 triệu/m²,"7 tỷ
GIÁ TỐT
- 70 m2đ"
17,NHÀ 3 LẦU_4X14M_4KS/CẦU ÔNG DẦU_QUỐC LỘ 13_ĐH LUẬT,"Đường Quốc Lộ 13, Phường Hiệp Bình Phước, Quận Thủ Đức, Tp Hồ Chí Minh",[],[],[],[],[],56 m²,188 m²,4 phòng,4 phòng,3,[],4 m,14 m,[],[],['Đã có sổ'],['Nhà phố liền kề'],[],[],[],[],[],[],[],['Hẻm xe hơi'],[],"91,96 triệu/m²","5,15 tỷ- 56 m2đ"
18,"Bán nhà 4*14m trệt 3 lầu đường số 12 giá 6,25 tỷ","Đường 12, Phường Hiệp Bình Chánh, Quận Thủ Đức, Tp Hồ Chí Minh",[],[],[],[],[],56 m²,178 m²,4 phòng,5 phòng,3,[],4 m,14 m,[],[],['Đã có sổ'],['Nhà phố liền kề'],[],[],[],[],['Nội thất đầy đủ'],[],[],['Hẻm xe hơi'],[],"110,71 triệu/m²","6,2 tỷ- 56 m2đ"
19,Bán biệt thự 10*20m trệt 2 lầu đường 25 bên sông,"Đường Số 10, Phường Hiệp Bình Chánh, Quận Thủ Đức, Tp Hồ Chí Minh",[],[],[],[],[],200 m²,295 m²,5 phòng,5 phòng,[],[],10 m,20 m,['Tây Nam'],[],['Đã có sổ'],['Nhà biệt thự'],[],[],[],[],['Nội thất cao cấp'],[],[],['Hẻm xe hơi'],[],120 triệu/m²,24 tỷ- 200 m2đ
20,"Nhà 1 trệt 1 lầu đường 8 linh đông, sổ hồng riêng","Đường Số 8, Phường Linh Đông, Quận Thủ Đức, Tp Hồ Chí Minh",[],[],[],[],[],52 m²,120 m²,3 phòng,3 phòng,[],[],4 m,13 m,[],[],['Đã có sổ'],['Nhà phố liền kề'],[],[],[],[],[],[],[],['Hẻm xe hơi'],[],"76,92 triệu/m²",4 tỷ- 52 m2đ
21,Nhà hoàn thiện nội thất cao cấp Vạn Phúc,"Khu phố 5, Phường Hiệp Bình Phước, Quận Thủ Đức, Tp Hồ Chí Minh",Vạn Phúc Riverside City,[],[],[],[],103 m²,380 m²,4 phòng,4 phòng,4,[],5 m,21 m,['Tây Nam'],[],['Đã có sổ'],['Nhà phố liền kề'],[],[],[],[],['Nội thất cao cấp'],[],[],[],[],"126,21 triệu/m²",13 tỷ- 103 m2đ
22,Bán biệt thự trệt 2 lầu 9*20m ngay khu bên sông,"Đường Số 10, Phường Hiệp Bình Chánh, Quận Thủ Đức, Tp Hồ Chí Minh",[],[],[],[],[],174 m²,336 m²,4 phòng,4 phòng,[],[],9 m,20 m,['Đông Nam'],[],['Đã có sổ'],['Nhà biệt thự'],[],[],[],[],['Nội thất đầy đủ'],[],[],['Hẻm xe hơi'],[],"80,46 triệu/m²",14 tỷ- 174 m2đ
23,Nhà cấp 4 gác lửng mới xây 81m2 đất Đ Kênh Ba Bò,"Đường Kênh Ba Bò, Phường Bình Chiểu, Quận Thủ Đức, Tp Hồ Chí Minh",[],[],[],[],[],81 m²,100 m²,2 phòng,1 phòng,[],[],5.7 m,14 m,[],[],['Đã có sổ'],['Nhà phố liền kề'],[],[],[],[],[],[],[],['Hẻm xe hơi'],[],"41,98 triệu/m²","3,4 tỷ- 81 m2đ"
24,"Căn nhà đường số 8, sau lưng chợ bình triệu","Đường Số 8, Phường Hiệp Bình Chánh, Quận Thủ Đức, Tp Hồ Chí Minh",[],[],[],[],[],61 m²,190 m²,4 phòng,5 phòng,[],[],4 m,14 m,[],[],['Đã có sổ'],['Nhà phố liền kề'],[],[],[],[],[],[],[],[],[],"104,1 triệu/m²","6,35 tỷ- 61 m2đ"
25,Bán Biệt Thự 8x30m full nội thất mt Linh Trung,"Đường Linh Trung, Phường Linh Trung, Quận Thủ Đức, Tp Hồ Chí Minh",[],[],[],[],[],240 m²,349 m²,5 phòng,6 phòng,[],[],8 m,30 m,['Tây Nam'],[],['Đã có sổ'],['Nhà biệt thự'],[],[],[],[],['Nội thất cao cấp'],[],[],[],[],"87,5 triệu/m²",21 tỷ- 240 m2đ
26,"Nhà 3 lầu mới tinh đường 22,Phạm Văn Đồng vào 300m","Đường Số 22, Phường Linh Đông, Quận Thủ Đức, Tp Hồ Chí Minh",[],[],[],[],[],61 m²,200 m²,3 phòng,3 phòng,3,[],5.5 m,11.1 m,[],[],['Đã có sổ'],['Nhà phố liền kề'],[],[],[],[],[],[],[],['Hẻm xe hơi'],[],"76,23 triệu/m²","4,65 tỷ- 61 m2đ"
27,Biệt Thự MiNi ngay ngã 4 Hoàng Diệu 2 và Đường 8,"Đường 8, Phường Linh Trung, Quận Thủ Đức, Tp Hồ Chí Minh",[],[],[],[],[],222 m²,220 m²,3 phòng,3 phòng,2,[],8 m,28 m,['Tây Nam'],[],['Đã có sổ'],['Nhà biệt thự'],[],[],[],[],['Nội thất cao cấp'],[],[],"['Hẻm xe hơi', 'Nở hậu']",[],"63,06 triệu/m²",14 tỷ- 222 m2đ
28,"Nhà trệt 2 lầu,2 sân thượng ngắm Sông Sài Gòn","Đường Số 11, Phường Hiệp Bình Phước, Quận Thủ Đức, Tp Hồ Chí Minh",[],[],[],[],[],50 m²,[],4 phòng,5 phòng,[],[],[],[],['Đông Bắc'],[],['Đã có sổ'],['Nhà phố liền kề'],[],[],[],[],['Nội thất cao cấp'],[],[],['Hẻm xe hơi'],[],110 triệu/m²,"5,5 tỷ- 50 m2đ"
29,Nhà 1 trệt 3 lầu 60m2 trung tâm TP Thủ Đức,"163/30, Đường Đặng Văn Bi, Phường Trường Thọ, Quận Thủ Đức, Tp Hồ Chí Minh",[],[],A,[],[],60 m²,160 m²,4 phòng,4 phòng,[],[],4.5 m,13.33 m,['Tây Nam'],[],['Đã có sổ'],['Nhà phố liền kề'],[],[],[],[],['Hoàn thiện cơ bản'],[],[],['Hẻm xe hơi'],[],"98,33 triệu/m²","5,9 tỷ- 60 m2đ"
30,Nhà đến 115m2 giá chỉ 36tr/m2 trung tâm Linh Xuân,"33, Đường Số 8, Phường Linh Xuân, Quận Thủ Đức, Tp Hồ Chí Minh",[],[],[],[],[],115 m²,115 m²,3 phòng,2 phòng,[],[],5 m,23 m,[],[],['Đã có sổ'],['Nhà phố liền kề'],[],[],[],[],[],[],[],['Hẻm xe hơi'],[],"36,09 triệu/m²","4,15 tỷ- 115 m2đ"
31,"BIỆT THỰ MINI ĐẸP, SANG TRỌNG, THỦ ĐỨC","46/, Đường 26, Phường Hiệp Bình Chánh, Quận Thủ Đức, Tp Hồ Chí Minh",[],[],[],[],[],100 m²,550 m²,6 phòng,6 phòng,5,[],6 m,17 m,['Tây Bắc'],[],['Đã có sổ'],['Nhà biệt thự'],[],[],[],[],['Nội thất cao cấp'],[],[],['Hẻm xe hơi'],[],120 triệu/m²,12 tỷ- 100 m2đ
32,BÁN GẤP NHÀ HXH 1T2L 4PN 70M GIẢM LIỀN 400TR,"ĐƯỜNG SỐ 16, Phường Linh Đông, Quận Thủ Đức, Tp Hồ Chí Minh",[],[],[],[],[],70 m²,210 m²,4 phòng,3 phòng,3,[],5 m,14 m,[],[],['Đã có sổ'],['Nhà phố liền kề'],[],[],[],[],[],[],[],['Hẻm xe hơi'],[],"78,57 triệu/m²","5,5 tỷ- 70 m2đ"
33,NHÀ PHỐ LINH ĐÔNG HXH SÁT MẶT TIỀN 1T2L 3PN,"ĐƯỜNG 16, Phường Linh Đông, Quận Thủ Đức, Tp Hồ Chí Minh",[],[],[],[],[],51 m²,150 m²,3 phòng,4 phòng,3,[],4.2 m,12 m,['Đông Bắc'],[],['Đã có sổ'],['Nhà phố liền kề'],[],[],[],[],['Nội thất cao cấp'],[],[],['Hẻm xe hơi'],[],"98,04 triệu/m²",5 tỷ- 51 m2đ
34,VỀ QUÊ NÊN BÁN GẤP NHÀ THỦ ĐỨC GIÁ RẺ BẤT NGỜ 1T,"Đường Sông Đà, Phường Hiệp Bình Chánh, Quận Thủ Đức, Tp Hồ Chí Minh",[],[],[],[],[],78 m²,185 m²,3 phòng,4 phòng,1,[],5 m,16 m,[],[],['Đã có sổ'],['Nhà biệt thự'],[],[],[],[],['Nội thất đầy đủ'],[],[],['Hẻm xe hơi'],[],"21,15 triệu/m²","1,65 tỷ- 78 m2đ"
35,Cần bán gấp nhà phố 1 trệt 2 lầu giá chỉ 5.2 tỷ,"Đường Số 6, Phường Hiệp Bình Phước, Quận Thủ Đức, Tp Hồ Chí Minh",[],[],[],[],[],84 m²,84 m²,4 phòng,4 phòng,3,[],4 m,18 m,['Tây Nam'],[],['Đã có sổ'],['Nhà phố liền kề'],[],[],[],[],['Nội thất cao cấp'],[],[],['Hẻm xe hơi'],[],"61,9 triệu/m²","5,2 tỷ- 84 m2đ"
36,NHÀ HẺM 39 ĐƯỜNG 22 LINH ĐÔNG THỦ ĐỨC,"Đường 22 Linh Đông, Phường Linh Đông, Quận Thủ Đức, Tp Hồ Chí Minh",[],[],[],[],[],61 m²,180 m²,3 phòng,3 phòng,[],[],5 m,12 m,[],[],['Đã có sổ'],['Nhà phố liền kề'],[],[],[],[],[],[],[],['Hẻm xe hơi'],[],"76,23 triệu/m²","4,65 tỷ- 61 m2đ"
37,"Biệt thự mini cạnh sông Sài Gòn, HBP, Thủ Đức","Đường Số 11, Phường Hiệp Bình Phước, Quận Thủ Đức, Tp Hồ Chí Minh",[],[],[],[],[],106 m²,[],5 phòng,4 phòng,[],[],9 m,12 m,['Tây Nam'],[],['Đã có sổ'],['Nhà biệt thự'],[],[],[],[],['Nội thất cao cấp'],[],[],['Hẻm xe hơi'],[],"86,79 triệu/m²","9,2 tỷ- 106 m2đ"
38,"Nhà 1 Trệt 3 Lầu DT 90M2 ngay Chợ Hiệp Bình, HBC","Đường Số 38, Phường Hiệp Bình Chánh, Quận Thủ Đức, Tp Hồ Chí Minh",[],[],[],[],[],90 m²,200 m²,4 phòng,4 phòng,[],[],5 m,18 m,[],[],['Đã có sổ'],['Nhà phố liền kề'],[],[],[],[],[],[],[],['Hẻm xe hơi'],[],61 triệu/m²,"5,49 tỷ- 90 m2đ"
39,Bán nhà 3 lầu Đường 22 Linh Đông,"22, Phường Linh Đông, Quận Thủ Đức, Tp Hồ Chí Minh",[],[],[],[],[],59 m²,160 m²,6 phòng,5 phòng,[],[],4 m,14 m,[],[],['Đã có sổ'],['Nhà phố liền kề'],[],[],[],[],[],[],[],"['Hẻm xe hơi', 'Nở hậu']",[],"83,05 triệu/m²","4,9 tỷ- 59 m2đ"
40,"Nhà bán 5x15 trệt 3 lầu hẻm xe hơi. Giá bán 6,5 tỷ","Đường Quốc Lộ 13, Phường Hiệp Bình Phước, Quận Thủ Đức, Tp Hồ Chí Minh",[],[],[],[],[],75 m²,220 m²,4 phòng,5 phòng,[],[],5 m,15 m,[],[],['Đã có sổ'],['Nhà phố liền kề'],[],[],[],[],[],[],[],[],[],"86,67 triệu/m²","6,5 tỷ- 75 m2đ"
41,Bán nhà phường Bình Chiểu Thủ Đức,"185/19, Đường Ngô Chí Quốc, Phường Bình Chiểu, Quận Thủ Đức, Tp Hồ Chí Minh",[],[],Dân cư Bình Chiểu,[],[],54 m²,150 m²,4 phòng,3 phòng,3,[],47 m,13 m,['Đông Bắc'],[],['Đã có sổ'],['Nhà phố liền kề'],[],[],[],[],['Hoàn thiện cơ bản'],[],[],['Hẻm xe hơi'],[],"64,81 triệu/m²","3,5 tỷ- 54 m2đ"
42,Bán nhà chính chủ phường Bình Chiểu Thủ Đức,"185/26, Đường Ngô Chí Quốc, Phường Bình Chiểu, Quận Thủ Đức, Tp Hồ Chí Minh",[],[],Khu dân cư Bình Chiểu,[],[],57 m²,110 m²,2 phòng,2 phòng,2,[],4 m,14 m,['Tây Nam'],[],['Đã có sổ'],['Nhà phố liền kề'],[],[],[],[],['Hoàn thiện cơ bản'],[],[],['Hẻm xe hơi'],[],"57,02 triệu/m²","3,25 tỷ- 57 m2đ"
43,Bán BIỆt THỰ HBP thủ đức,"Đường 2, Phường Hiệp Bình Phước, Quận Thủ Đức, Tp Hồ Chí Minh",[],[],[],[],[],137 m²,139 m²,2 phòng,2 phòng,[],[],7.2 m,20 m,[],[],['Đã có sổ'],['Nhà biệt thự'],[],[],[],[],[],[],[],['Hẻm xe hơi'],[],"59,85 triệu/m²","8,2 tỷ- 137 m2đ"
44,NHÀ 3 LẦU_4.2MX16M_6B8HJ/CẦU VƯỢT GÒ DƯA_TAM BÌNH,"Đường Gò Dưa, Phường Tam Bình, Quận Thủ Đức, Tp Hồ Chí Minh",[],[],[],[],[],66 m²,189 m²,4 phòng,5 phòng,3,[],4.22 m,16 m,[],[],['Đã có sổ'],['Nhà phố liền kề'],[],[],[],[],[],[],[],['Hẻm xe hơi'],[],"68,48 triệu/m²","4,52 tỷ- 66 m2đ"
45,68m2 Nhà 3lầu Ngay công viên Võ Văn Ngân - Thủ Đức,"Đường Đặng Văn Bi, Phường Trường Thọ, Quận Thủ Đức, Tp Hồ Chí Minh",[],[],[],[],[],60 m²,200 m²,4 phòng,5 phòng,3,[],5 m,12 m,[],[],['Đã có sổ'],['Nhà phố liền kề'],[],[],[],[],['Nội thất đầy đủ'],[],[],['Nở hậu'],[],100 triệu/m²,6 tỷ- 60 m2đ
46,"Nhà thô dt ngang 5m,6m,7m Vạn Phúc Thủ Đức","Khu phố 5, Phường Hiệp Bình Phước, Quận Thủ Đức, Tp Hồ Chí Minh",Vạn Phúc Riverside City,[],[],[],[],115 m²,450 m²,4 phòng,4 phòng,4,[],5 m,23 m,['Đông Bắc'],[],['Đã có sổ'],['Nhà phố liền kề'],[],[],[],[],['Bàn giao thô'],[],[],[],[],100 triệu/m²,"11,5 tỷ- 115 m2đ"
47,"Nhà thô Vạn Phúc Thủ Đức dt:7x17m, XD: Hầm+5 tầng","Khu phố 5, Phường Hiệp Bình Phước, Quận Thủ Đức, Tp Hồ Chí Minh",Vạn Phúc Riverside City,[],[],[],[],119 m²,420 m²,6 phòng,Nhiều hơn 6 phòng,5,[],7 m,17 m,['Nam'],[],['Đã có sổ'],['Nhà phố liền kề'],[],[],[],[],['Bàn giao thô'],[],[],[],[],"147,06 triệu/m²","17,5 tỷ- 119 m2đ"
48,"Cần Bán Gấp Nhà Trệt 2 Lầu, Sau Mazda Bình Triệu","Quốc lộ 13, Phường Hiệp Bình Chánh, Quận Thủ Đức, Tp Hồ Chí Minh",[],[],[],[],[],78 m²,245 m²,3 phòng,4 phòng,[],[],4 m,19 m,['Đông Nam'],[],[],['Nhà phố liền kề'],[],[],[],[],[],[],[],[],[],"89,74 triệu/m²",7 tỷ- 78 m2đ
49,Biệt thự đường phạm văn đồng. Hiệp bình chánh. TĐ,"Đường Phạm Văn Đồng, Phường Hiệp Bình Chánh, Quận Thủ Đức, Tp Hồ Chí Minh",[],[],[],[],[],198 m²,340 m²,4 phòng,5 phòng,[],[],9 m,22 m,['Tây Bắc'],[],['Đã có sổ'],['Nhà biệt thự'],[],[],[],[],[],[],[],['Hẻm xe hơi'],[],"83,33 triệu/m²","16,5 tỷ- 198 m2đ"
50,Chính chủ bán nhà 1 lầu gần cầu vượt linh xuân,"Đường Quốc lộ 1K||8274, Phường Linh Xuân, Quận Thủ Đức, Tp Hồ Chí Minh",[],[],[],[],[],50 m²,80 m²,3 phòng,2 phòng,[],[],4 m,12 m,[],[],['Đã có sổ'],['Nhà phố liền kề'],[],[],[],[],[],[],[],['Hẻm xe hơi'],[],25 triệu/m²,"1,25 tỷ- 50 m2đ"
51,"Cần bán gấp nhà đường Số 6, P.H.B.P, Thủ Đức","25/49/17, Đường Số 6, Phường Hiệp Bình Phước, Quận Thủ Đức, Tp Hồ Chí Minh",[],[],[],[],[],58 m²,58 m²,1 phòng,1 phòng,[],[],4.12 m,14 m,['Đông'],[],['Đã có sổ'],['Nhà phố liền kề'],[],[],[],[],[],[],[],"['Hẻm xe hơi', 'Nở hậu']",[],"66,38 triệu/m²","3,85 tỷ- 58 m2đ"
52,"Cần bán gấp nhà Đường số 6, p,Hiệp Bình Phước, TĐ","Đường Số 6, Phường Hiệp Bình Phước, Quận Thủ Đức, Tp Hồ Chí Minh",[],[],[],[],[],175 m²,600 m²,6 phòng,6 phòng,[],[],4 m,25 m,[],[],['Đã có sổ'],['Nhà biệt thự'],[],[],[],[],[],[],[],['Hẻm xe hơi'],[],"85,71 triệu/m²",15 tỷ- 175 m2đ
53,Hội An Phố Trong Lòng KCN Bàu Bàng,"Đường Quốc Lộ 13, Phường Linh Đông, Quận Thủ Đức, Tp Hồ Chí Minh",[],[],[],[],[],150 m²,192 m²,2 phòng,2 phòng,[],[],5 m,30 m,[],[],['Đã có sổ'],['Nhà phố liền kề'],[],[],[],[],[],[],[],[],[],9 triệu/m²,"1,35 tỷ- 150 m2đ"
54,"BÁN NHÀ 3 LẦU, DT 95M2, NGAY TTTM GIGAMALL","Đường Số 20, Phường Hiệp Bình Chánh, Quận Thủ Đức, Tp Hồ Chí Minh",[],[],[],[],[],95 m²,240 m²,4 phòng,5 phòng,3,[],4.3 m,22.1 m,[],[],['Đã có sổ'],['Nhà phố liền kề'],[],[],[],[],['Nội thất cao cấp'],[],[],['Hẻm xe hơi'],[],"85,26 triệu/m²","8,1 tỷ- 95 m2đ"
55,"Bán BT 9x20 đường 25, Hiệp Bình Chánh, Thủ Đức 5ty","Đường Số 25, Phường Hiệp Bình Chánh, Quận Thủ Đức, Tp Hồ Chí Minh",[],[],[],[],[],180 m²,119 m²,5 phòng,5 phòng,2,[],9 m,20 m,[],[],['Đã có sổ'],['Nhà biệt thự'],[],[],[],[],['Nội thất cao cấp'],[],[],['Nở hậu'],[],"29,89 triệu/m²","5,38 tỷ- 180 m2đ"
56,"NHÀ 4 LẦU, 4.8X18M, 3U2H/CHỢ HIỆP BÌNH_PHẠM V ĐỒNG","Đường Hiệp Bình, Phường Hiệp Bình Chánh, Quận Thủ Đức, Tp Hồ Chí Minh",[],[],[],[],[],86 m²,279 m²,5 phòng,5 phòng,4,[],4.8 m,18 m,[],[],['Đã có sổ'],['Nhà phố liền kề'],[],[],[],[],[],[],[],['Hẻm xe hơi'],[],"63,37 triệu/m²","5,45 tỷ- 86 m2đ"
57,"NHÀ 3 LẦU_4.2X16M_5VN2/CẦU VƯỢT GÒ DƯA, TAM BÌNH","Đường Gò Dưa, Phường Tam Bình, Quận Thủ Đức, Tp Hồ Chí Minh",[],[],[],[],[],65 m²,211 m²,4 phòng,4 phòng,3,[],4.2 m,16 m,[],[],['Đã có sổ'],['Nhà phố liền kề'],[],[],[],[],[],[],[],['Hẻm xe hơi'],[],"69,23 triệu/m²","4,5 tỷ- 65 m2đ"
58,Bán nhà phố compuord Trệt 3 lầu Thủ Đức SHR. CK 2%,"Đường Số 12, Phường Hiệp Bình Phước, Quận Thủ Đức, Tp Hồ Chí Minh",[],[],[],[],[],71 m²,71 m²,4 phòng,4 phòng,[],[],4 m,18 m,[],[],['Đã có sổ'],['Nhà phố liền kề'],[],[],[],[],[],[],[],['Hẻm xe hơi'],[],"38,03 triệu/m²","2,7 tỷ- 71 m2đ"
59,"NHÀ 2 LẦU ĐƯỜNG 35 HBC, GẦN CHỢ HIỆP BÌNH, GIÁ TỐT","đường 35 hiệp bình chánh, Phường Hiệp Bình Chánh, Quận Thủ Đức, Tp Hồ Chí Minh",[],[],[],[],[],70 m²,134 m²,4 phòng,4 phòng,2,[],4 m,17 m,['Đông Nam'],[],['Đã có sổ'],['Nhà phố liền kề'],[],[],[],[],[],[],[],['Hẻm xe hơi'],[],"75,71 triệu/m²","5,3 tỷ- 70 m2đ"
60,Bán biệt thự 389m đường số 9 trường thọ 22tỷ,"63, Đường Số 9, Phường Trường Thọ, Quận Thủ Đức, Tp Hồ Chí Minh",[],[],[],[],[],389 m²,500 m²,6 phòng,Nhiều hơn 6 phòng,[],[],12 m,35 m,[],[],['Đã có sổ'],['Nhà biệt thự'],[],[],[],[],['Nội thất cao cấp'],[],[],"['Hẻm xe hơi', 'Nở hậu']",[],"56,56 triệu/m²",22 tỷ- 389 m2đ
61,"Nhà 3 tầng 72m2 đường số 12, Thủ Đức","Đường Số 12, Phường Hiệp Bình Phước, Quận Thủ Đức, Tp Hồ Chí Minh",[],02,[],[],[],72 m²,180 m²,4 phòng,4 phòng,3,[],4 m,18 m,['Tây Nam'],[],['Đã có sổ'],['Nhà phố liền kề'],[],[],[],[],['Nội thất đầy đủ'],[],[],['Hẻm xe hơi'],[],"70,83 triệu/m²","5,1 tỷ- 72 m2đ"
62,"Biệt thự sang trọng khu dân cư cao cấp HBP,Thủ Đức","đường 12, Phường Hiệp Bình Phước, Quận Thủ Đức, Tp Hồ Chí Minh",[],2035hbp,[],[],[],132 m²,229 m²,4 phòng,4 phòng,3,[],6.5 m,20.4 m,['Tây Bắc'],[],['Đã có sổ'],['Nhà biệt thự'],[],[],[],[],['Nội thất cao cấp'],[],[],[],[],"90,91 triệu/m²",12 tỷ- 132 m2đ
63,"BÁN LỖ 2 CĂN BT JAMONA, 255M2, QL13, HBP, THỦ ĐỨC","Đường Quốc Lộ 13, Phường Hiệp Bình Phước, Quận Thủ Đức, Tp Hồ Chí Minh",Jamona Home Resort,[],[],[],[],255 m²,255 m²,5 phòng,5 phòng,[],[],10 m,25 m,['Đông'],[],['Đã có sổ'],['Nhà biệt thự'],[],[],[],[],[],[],[],[],[],"39,22 triệu/m²",10 tỷ- 255 m2đ
64,Nhà mới DT 70m * 3 lầu đường D 11 – HBC - Thủ Đức,"Đường D11, Phường Hiệp Bình Chánh, Quận Thủ Đức, Tp Hồ Chí Minh",[],[],[],[],[],80 m²,[],3 phòng,4 phòng,[],[],[],[],[],[],['Đã có sổ'],['Nhà phố liền kề'],[],[],[],[],[],[],[],[],[],"87,5 triệu/m²",7 tỷ- 80 m2đ
65,"Bán Biệt Thự 9x19 Đường 25 PVĐ, HBC. 390m2 Sử Dụng","Đường 25, Phường Hiệp Bình Chánh, Quận Thủ Đức, Tp Hồ Chí Minh",[],[],[],[],[],174 m²,390 m²,5 phòng,4 phòng,3,[],9 m,19.3 m,['Đông Nam'],[],['Đã có sổ'],['Nhà biệt thự'],[],[],[],[],['Nội thất cao cấp'],[],[],[],[],"80,46 triệu/m²",14 tỷ- 174 m2đ
66,"Biệt thự cao cấp, view đẹp khu Jamona Home Resort","Đường Số 12, Phường Hiệp Bình Phước, Quận Thủ Đức, Tp Hồ Chí Minh",[],[],[],[],[],273 m²,[],5 phòng,[],[],[],[],[],[],[],[],['Nhà biệt thự'],[],[],[],[],[],[],[],[],[],"65,93 triệu/m²",18 tỷ- 273 m2đ
67,NHÀ 3.5 TẤM_4X16M; 4KB8/CẦU TRƯỜNG THỌ_PHẠM V ĐÔNG,"Đường Đặng Văn Bi, Phường Trường Thọ, Quận Thủ Đức, Tp Hồ Chí Minh",[],[],[],[],[],66 m²,197 m²,4 phòng,4 phòng,4,[],4.2 m,16 m,[],[],['Đã có sổ'],['Nhà phố liền kề'],[],[],[],[],[],[],[],['Hẻm xe hơi'],[],"81,06 triệu/m²","5,35 tỷ- 66 m2đ"
68,SỐT! Nhà đã hoàn thiện dt:110m2 đường 20m,"Khu phố 5, Phường Hiệp Bình Phước, Quận Thủ Đức, Tp Hồ Chí Minh",Vạn Phúc Riverside City,[],[],[],[],110 m²,500 m²,5 phòng,5 phòng,4,[],5 m,22 m,['Tây Nam'],[],['Đã có sổ'],['Nhà phố liền kề'],[],[],[],[],['Hoàn thiện cơ bản'],[],[],[],[],"104,55 triệu/m²","11,5 tỷ- 110 m2đ"
69,Em còn mấy căn nhà ở xã hội giá rẻ ở KCN BD,"Đường Ngô Chí Quốc, Phường Linh Xuân, Quận Thủ Đức, Tp Hồ Chí Minh",[],[],[],[],[],100 m²,140 m²,2 phòng,2 phòng,[],[],5 m,20 m,[],[],['Đã có sổ'],['Nhà phố liền kề'],[],[],[],[],[],[],[],[],[],7 triệu/m²,700 triệu- 100 m2đ
70,Bán nhà siêu sang siêu chất P. Trường Thọ 7.2 tỷ,"Đường Số 2, Phường Trường Thọ, Quận Thủ Đức, Tp Hồ Chí Minh",[],[],[],[],[],78 m²,205 m²,4 phòng,5 phòng,4,[],4.6 m,17 m,['Đông Nam'],[],['Đã có sổ'],['Nhà phố liền kề'],[],[],[],[],['Hoàn thiện cơ bản'],[],[],['Hẻm xe hơi'],[],"92,31 triệu/m²","7,2 tỷ- 78 m2đ"
71,"Nhà 4 lầu,7pn,8wc Đ.22 Linh Đông Thủ Đức,đường lớn","Đường Số 22, Phường Linh Đông, Quận Thủ Đức, Tp Hồ Chí Minh",[],[],[],[],[],59 m²,200 m²,7 phòng,Nhiều hơn 6 phòng,4,[],4 m,15 m,[],[],['Đã có sổ'],['Nhà phố liền kề'],[],[],[],[],[],[],[],['Hẻm xe hơi'],[],"83,05 triệu/m²","4,9 tỷ- 59 m2đ"
72,Chính chủ bán gấp nhà biệt thự đường số 10 Thủ Đức,"Đường Số 10, Phường Hiệp Bình Chánh, Quận Thủ Đức, Tp Hồ Chí Minh",[],[],[],[],[],200 m²,200 m²,8 phòng,Nhiều hơn 6 phòng,[],[],10 m,20 m,[],[],['Đã có sổ'],['Nhà biệt thự'],[],[],[],[],['Nội thất cao cấp'],[],[],['Hẻm xe hơi'],[],48 triệu/m²,"9,6 tỷ- 200 m2đ"
73,Bán nhà quận Thủ Đức do kẹt ngân hàng,"Đường Bình Chiểu, Phường Bình Chiểu, Quận Thủ Đức, Tp Hồ Chí Minh",[],[],[],[],[],54 m²,200 m²,4 phòng,3 phòng,[],[],4 m,13.5 m,['Tây Bắc'],[],['Đã có sổ'],['Nhà phố liền kề'],[],[],[],[],['Nội thất đầy đủ'],[],[],[],[],"90,74 triệu/m²","4,9 tỷ- 54 m2đ"
74,Nhà ngộp cần bán gấp .bìn chiểu thủ đức,"Đường Bình Chiểu, Phường Bình Chiểu, Quận Thủ Đức, Tp Hồ Chí Minh",[],[],[],[],[],54 m²,200 m²,4 phòng,3 phòng,2,[],4 m,14 m,['Tây Bắc'],[],['Đã có sổ'],['Nhà phố liền kề'],[],[],[],[],[],[],[],[],[],"90,74 triệu/m²","4,9 tỷ- 54 m2đ"
75,"Nhà mặt tiền đường 8m ngay Hoàng Diệu 2,Linh Chieu","Đường Hoàng Diệu 2, Phường Linh Chiểu, Quận Thủ Đức, Tp Hồ Chí Minh",[],[],[],[],[],80 m²,[],4 phòng,5 phòng,[],[],[],[],[],[],['Đã có sổ'],['Nhà phố liền kề'],[],[],[],[],['Nội thất cao cấp'],[],[],[],[],"86,13 triệu/m²","6,89 tỷ- 80 m2đ"
76,NHÀ 3.5 TẤM_4.3X17M_8K2S/CẦU TRƯỜNG THỌ_PHẠM VĐỒNG,"Đường Phạm Văn Đồng, Phường Trường Thọ, Quận Thủ Đức, Tp Hồ Chí Minh",[],[],[],[],[],69 m²,211 m²,4 phòng,5 phòng,4,[],4.3 m,17 m,[],[],['Đã có sổ'],['Nhà phố liền kề'],[],[],[],[],[],[],[],['Hẻm xe hơi'],[],"77,1 triệu/m²","5,32 tỷ- 69 m2đ"
77,"Hàng hiếm nhà 80m2 trung tâm Linh Chiểu, Đ số 16","Đường Số 16, Phường Linh Chiểu, Quận Thủ Đức, Tp Hồ Chí Minh",[],[],[],[],[],80 m²,80 m²,2 phòng,2 phòng,[],[],6.3 m,12.7 m,[],[],['Đã có sổ'],['Nhà phố liền kề'],[],[],[],[],[],[],[],[],[],"45,63 triệu/m²","3,65 tỷ- 80 m2đ"
78,Chính chủ bán nhà phố trệt 2 lầu HXH Trường Thọ,"Đường Số 9, Phường Trường Thọ, Quận Thủ Đức, Tp Hồ Chí Minh",[],[],[],[],[],66 m²,200 m²,3 phòng,4 phòng,[],[],4 m,16.7 m,['Tây Bắc'],[],['Đã có sổ'],['Nhà phố liền kề'],[],[],[],[],['Hoàn thiện cơ bản'],[],[],['Hẻm xe hơi'],[],"92,42 triệu/m²","6,1 tỷ- 66 m2đ"
79,"Bán Nhà Chính Chủ ,HXH ,Đ 8,Linh Đông, 4 Tỷ, 53m2","Đường 8, Phường Linh Đông, Quận Thủ Đức, Tp Hồ Chí Minh",[],[],[],[],[],53 m²,[],2 phòng,[],[],[],[],[],[],[],['Đã có sổ'],['Nhà phố liền kề'],[],[],[],[],[],[],[],['Hẻm xe hơi'],[],"75,47 triệu/m²",4 tỷ- 53 m2đ
80,"Nhà 1 trệt 2 lầu đường 12 HBC,sau lưng coopmart","Đường 12, Phường Hiệp Bình Chánh, Quận Thủ Đức, Tp Hồ Chí Minh",[],[],[],[],[],50 m²,150 m²,3 phòng,4 phòng,[],[],4 m,13 m,['Đông'],[],['Đã có sổ'],['Nhà phố liền kề'],[],[],[],[],[],[],[],[],[],114 triệu/m²,"5,7 tỷ- 50 m2đ"
81,"Nhà 3 lầu mới xây 100% ở ngay. Đ số 12, Tam Bình","Đường Số 12, Phường Tam Bình, Quận Thủ Đức, Tp Hồ Chí Minh",[],[],[],[],[],53.2 m²,148 m²,4 phòng,3 phòng,[],[],4 m,13.3 m,[],[],[],['Nhà phố liền kề'],[],[],[],[],[],[],[],[],[],"89,62 triệu/m²","4,75 tỷ- 53.2 m2đ"
82,"Nhà cấp 4 có lửng kế Vành Đai 2, Đ28 P. Linh Đông","Đường Số 28, Phường Linh Đông, Quận Thủ Đức, Tp Hồ Chí Minh",[],[],[],[],[],68 m²,80 m²,2 phòng,2 phòng,[],[],4 m,17 m,[],[],['Đã có sổ'],['Nhà phố liền kề'],[],[],[],[],[],[],[],['Hẻm xe hơi'],[],"63,09 triệu/m²","4,29 tỷ- 68 m2đ"
83,Cần bán nhà phố Him Lam Phú Đông.,"Đường Đào Trinh Nhất, Phường Linh Tây, Quận Thủ Đức, Tp Hồ Chí Minh",[],[],[],[],[],92 m²,[],5 phòng,5 phòng,3,[],5 m,18.5 m,[],[],['Đã có sổ'],['Nhà phố liền kề'],[],[],[],[],[],[],[],[],[],"94,57 triệu/m²","8,7 tỷ- 92 m2đ"
84,"Bán Biệt Thự Mini đường số 10, HBC, Q TĐ DT 133m2","đường số 10, phường Hiệp Bình Chánh, Thủ Đức, Phường Hiệp Bình Chánh, Quận Thủ Đức, Tp Hồ Chí Minh",[],[],[],[],[],133 m²,133 m²,4 phòng,5 phòng,[],[],7 m,19 m,[],[],['Đã có sổ'],['Nhà biệt thự'],[],[],[],[],[],[],[],['Hẻm xe hơi'],[],"34,06 triệu/m²","4,53 tỷ- 133 m2đ"
85,Nhà 2 lầu mới đúc kiên cố chợ Hiệp Bình vào 100m,"Đường Số 35, Phường Hiệp Bình Chánh, Quận Thủ Đức, Tp Hồ Chí Minh",[],[],[],[],[],64 m²,110 m²,3 phòng,2 phòng,2,[],4 m,16 m,[],[],['Đã có sổ'],['Nhà phố liền kề'],[],[],[],[],[],[],[],['Hẻm xe hơi'],[],"81,25 triệu/m²","5,2 tỷ- 64 m2đ"
86,Bán nhà phường trường thọ,"Đuong 2 trường thọ, Phường Trường Thọ, Quận Thủ Đức, Tp Hồ Chí Minh",[],[],khu pho 8,[],[],61.8 m²,110 m²,4 phòng,2 phòng,2,[],5 m,12.4 m,['Tây Nam'],[],['Đã có sổ'],['Nhà phố liền kề'],[],[],[],[],[],[],[],"['Hẻm xe hơi', 'Nở hậu']",[],"93,44 triệu/m²","5,7 tỷ- 61.8 m2đ"
87,Bán nhà mới xây ngay ĐH Ngân hàng DTCN 85m2,"Đường 16, Phường Linh Chiểu, Quận Thủ Đức, Tp Hồ Chí Minh",[],[],[],[],[],90 m²,[],3 phòng,3 phòng,[],[],5 m,18 m,[],[],['Đã có sổ'],['Nhà phố liền kề'],[],[],[],[],[],[],[],['Hẻm xe hơi'],[],"53,33 triệu/m²","4,8 tỷ- 90 m2đ"
88,"Căn Biệt Thự Đường 17,Hiệp Bình Chánh,Thủ Đức","Đường 17, Phường Hiệp Bình Chánh, Quận Thủ Đức, Tp Hồ Chí Minh",[],[],[],[],[],151 m²,200 m²,3 phòng,3 phòng,[],[],9 m,16.5 m,[],[],['Đã có sổ'],['Nhà biệt thự'],[],[],[],[],[],[],[],[],[],"77,48 triệu/m²","11,7 tỷ- 151 m2đ"
89,"Nhà góc 2 mặt tiền siêu đẹp Đ Số 22, Linh Đông","Đường Số 22, Phường Linh Đông, Quận Thủ Đức, Tp Hồ Chí Minh",[],[],[],[],[],74 m²,180 m²,3 phòng,3 phòng,3,[],6 m,12 m,[],[],['Đã có sổ'],['Nhà phố liền kề'],[],[],[],[],[],[],[],['Hẻm xe hơi'],[],"94,59 triệu/m²",7 tỷ- 74 m2đ
90,Chuyển nhượng gấp nhà thô Vạn Phúc City 140m²,"Khu phố 5, Phường Hiệp Bình Phước, Quận Thủ Đức, Tp Hồ Chí Minh",Vạn Phúc Riverside City,[],[],[],[],140 m²,700 m²,5 phòng,5 phòng,5,[],7 m,20 m,[],[],['Đã có sổ'],['Nhà phố liền kề'],[],[],[],[],['Bàn giao thô'],[],[],[],[],"132,14 triệu/m²","18,5 tỷ- 140 m2đ"
91,Thiếu vốn! Chuyển nhượng nhà thô dt: 5x23m,"Khu phố 5, Phường Hiệp Bình Phước, Quận Thủ Đức, Tp Hồ Chí Minh",Vạn Phúc Riverside City,[],[],[],[],115 m²,450 m²,4 phòng,4 phòng,4,[],5 m,23 m,['Tây Nam'],[],['Đã có sổ'],['Nhà phố liền kề'],[],[],[],[],['Bàn giao thô'],[],[],[],[],100 triệu/m²,"11,5 tỷ- 115 m2đ"
92,Nhà Thủ Đức QL13 . Giá bán nhanh rẻ hơn khu vực,"Đường Quốc Lộ 13, Phường Hiệp Bình Phước, Quận Thủ Đức, Tp Hồ Chí Minh",[],[],[],[],[],55 m²,220 m²,4 phòng,3 phòng,[],[],4.3 m,12 m,['Bắc'],[],['Đã có sổ'],['Nhà phố liền kề'],[],[],[],[],['Hoàn thiện cơ bản'],[],[],['Hẻm xe hơi'],[],"98,18 triệu/m²","5,4 tỷ- 55 m2đ"
93,Bán Nhà 2 căn liền kề Đồng sở hữu đường 8 Linh Xuâ,"Đường 8, Phường Linh Xuân, Quận Thủ Đức, Tp Hồ Chí Minh",[],[],[],[],[],32 m²,[],3 phòng,2 phòng,[],[],4 m,8 m,['Tây Bắc'],[],['Đã có sổ'],['Nhà phố liền kề'],[],[],[],[],[],[],[],['Hẻm xe hơi'],[],"43,75 triệu/m²","1,4 tỷ- 32 m2đ"
94,"220M2 BIỆT THỰ ĐƯỜNG 8 LINH TRUNG, gần HD2","Đường 8, Phường Linh Trung, Quận Thủ Đức, Tp Hồ Chí Minh",[],[],[],[],[],220 m²,[],4 phòng,3 phòng,2,[],8 m,[],[],[],['Đã có sổ'],['Nhà biệt thự'],[],[],[],[],['Nội thất cao cấp'],[],[],['Hẻm xe hơi'],[],"63,64 triệu/m²",14 tỷ- 220 m2đ
95,"Nhà 3 lầu đúc kiên cố xây mới 100% Đ số 4, QL13","Đường Số 4, Phường Hiệp Bình Phước, Quận Thủ Đức, Tp Hồ Chí Minh",[],[],[],[],[],53 m²,159 m²,4 phòng,4 phòng,3,[],4 m,13.3 m,[],[],['Đã có sổ'],['Nhà phố liền kề'],[],[],[],[],[],[],[],['Hẻm xe hơi'],[],"97,17 triệu/m²","5,15 tỷ- 53 m2đ"
96,"Cần tiền bán gấp nhà 1 trệt,2 lầu 2mặt tiền.","686/25, Đường Quốc Lộ 13, Phường Hiệp Bình Phước, Quận Thủ Đức, Tp Hồ Chí Minh",[],[],Nhà phố,[],[],106.6 m²,210 m²,4 phòng,3 phòng,3,[],5.35 m,200 m,['Nam'],[],['Đã có sổ'],['Nhà phố liền kề'],[],[],[],[],[],[],[],"['Hẻm xe hơi', 'Nở hậu']",[],"68,87 triệu/m²","7,3 tỷ- 106.6 m2đ"
97,Bán Nhà 2 Mặt Tiền Phường Tam Bình Tp Thủ Đức,"Tỉnh Lộ 43, Phường Tam Bình, Quận Thủ Đức, Tp Hồ Chí Minh",[],[],[],[],[],147 m²,147 m²,4 phòng,3 phòng,3,[],5 m,14 m,[],[],['Đã có sổ'],['Nhà phố liền kề'],[],[],[],[],[],[],[],[],[],"27,07 triệu/m²","3,98 tỷ- 147 m2đ"
98,Bán Gấp Biệt Thự Khu Điện ảnh Ven Sông Sài Gòn.,"Đường Số 25, Phường Hiệp Bình Chánh, Quận Thủ Đức, Tp Hồ Chí Minh",[],[],[],[],[],260 m²,260 m²,6 phòng,6 phòng,3,[],13 m,20 m,['Tây Nam'],[],['Đã có sổ'],['Nhà biệt thự'],[],[],[],[],['Nội thất cao cấp'],[],[],['Hẻm xe hơi'],[],"96,15 triệu/m²",25 tỷ- 260 m2đ
99,NHÀ 1 TRỆT 2 LẦU NGAY CHỢ ĐÊM DT 180M ĐƯỜNG 14M,"Đường Tỉnh lộ 43, Phường Bình Chiểu, Quận Thủ Đức, Tp Hồ Chí Minh",[],[],[],[],[],60 m²,180 m²,4 phòng,3 phòng,[],[],5 m,12 m,[],[],['Đã có sổ'],['Nhà phố liền kề'],[],[],[],[],[],[],[],[],[],"56,67 triệu/m²","3,4 tỷ- 60 m2đ"
100,Ngộp ! Căn đôi nhà thô Vạn Phúc City Thủ Đức,"Khu phố 5, Phường Hiệp Bình Phước, Quận Thủ Đức, Tp Hồ Chí Minh",Vạn Phúc Riverside City,[],[],[],[],110 m²,400 m²,4 phòng,5 phòng,4,[],5 m,22 m,['Tây Nam'],[],['Đã có sổ'],['Nhà phố liền kề'],[],[],[],[],[],[],[],[],[],100 triệu/m²,11 tỷ- 110 m2đ
101,Bán Gấp Nhà đường 27 Hiệp Bình Chánh Thủ Đức14 tỷ,"Đường 27, Phường Hiệp Bình Chánh, Quận Thủ Đức, Tp Hồ Chí Minh",[],[],[],[],[],155 m²,[],5 phòng,3 phòng,[],[],7.5 m,22 m,['Đông Nam'],[],['Đã có sổ'],['Nhà phố liền kề'],[],[],[],[],[],[],[],[],[],"90,32 triệu/m²",14 tỷ- 155 m2đ
102,Đầy đủ nội thất có thang máy Vạn Phúc City,"Khu phố 5, Phường Hiệp Bình Phước, Quận Thủ Đức, Tp Hồ Chí Minh",Vạn Phúc Riverside City,[],[],[],[],103 m²,400 m²,4 phòng,4 phòng,4,[],5 m,21 m,['Đông Bắc'],[],['Đã có sổ'],['Nhà phố liền kề'],[],[],[],[],['Nội thất cao cấp'],[],[],[],[],"126,21 triệu/m²",13 tỷ- 103 m2đ
103,Bán gấp nhà đường 49 Hiệp Bình Chánh . Thủ Đức,"Đường 49, Phường Hiệp Bình Chánh, Quận Thủ Đức, Tp Hồ Chí Minh",[],[],[],[],[],56 m²,80 m²,2 phòng,3 phòng,[],[],4 m,14 m,[],[],[],['Nhà phố liền kề'],[],[],[],[],[],[],[],[],[],"64,29 triệu/m²","3,6 tỷ- 56 m2đ"
104,BÁN GẤP NHÀ PHỐ SIÊU ĐẸP KHA VẠN CÂN CÁCH 50M,"Đường Kha Vạn Cân, Phường Linh Trung, Quận Thủ Đức, Tp Hồ Chí Minh",[],[],[],[],[],54 m²,200 m²,4 phòng,4 phòng,4,[],4 m,13 m,['Bắc'],[],['Đã có sổ'],['Nhà phố liền kề'],[],[],[],[],['Nội thất cao cấp'],[],[],['Hẻm xe hơi'],[],"114,81 triệu/m²","6,2 tỷ- 54 m2đ"
105,"Bán Biệt Thự View Sông SG, Hiệp Bình Chánh Thủ Đức","Đường Số 10, Phường Hiệp Bình Chánh, Quận Thủ Đức, Tp Hồ Chí Minh",[],[],[],[],[],200 m²,400 m²,4 phòng,4 phòng,[],[],10 m,20 m,[],[],['Đã có sổ'],['Nhà biệt thự'],[],[],[],[],[],[],[],[],[],"122,5 triệu/m²","24,5 tỷ- 200 m2đ"
106,"Bán nhà phố 50m2 1 trệt 2 lầu 4pn, full nt đg nhựa","Đường Số 606, Phường Hiệp Bình Phước, Quận Thủ Đức, Tp Hồ Chí Minh",[],[],[],[],[],50 m²,50 m²,4 phòng,5 phòng,3,[],4.5 m,13 m,['Đông Bắc'],[],['Đã có sổ'],['Nhà phố liền kề'],[],[],[],[],['Nội thất cao cấp'],[],[],['Hẻm xe hơi'],[],115 triệu/m²,"5,75 tỷ- 50 m2đ"
107,Nhà 3 lầu+ sân thượng đường 13m ngay chợ Đầu Mối,"Đường Số 13, Phường Bình Chiểu, Quận Thủ Đức, Tp Hồ Chí Minh",[],[],[],[],[],97.5 m²,263 m²,4 phòng,4 phòng,4,[],5 m,19.5 m,[],[],['Đã có sổ'],['Nhà phố liền kề'],[],[],[],[],[],[],[],['Hẻm xe hơi'],[],"59,79 triệu/m²","5,8 tỷ- 97.5 m2đ"
108,"Duy 1 căn 2 lầu Đ số 11, Trường Thọ giá tốt","Đường Số 11, Phường Trường Thọ, Quận Thủ Đức, Tp Hồ Chí Minh",[],[],[],[],[],38 m²,80 m²,2 phòng,2 phòng,[],[],5 m,8 m,[],[],['Đã có sổ'],['Nhà phố liền kề'],[],[],[],[],[],[],[],['Hẻm xe hơi'],[],"67,89 triệu/m²","2,58 tỷ- 38 m2đ"
109,"Biệt thự thoáng mát, Hiệp Bình Chánh, Thủ Đức","Đường Số 9, Phường Hiệp Bình Chánh, Quận Thủ Đức, Tp Hồ Chí Minh",[],[],[],[],[],240 m²,240 m²,4 phòng,4 phòng,3,[],11 m,22 m,[],[],['Đã có sổ'],['Nhà biệt thự'],[],[],[],[],['Nội thất đầy đủ'],[],[],['Nở hậu'],[],"83,33 triệu/m²",20 tỷ- 240 m2đ
110,Nhà thô Hầm+4T 103m2 Vạn Phúc City Thủ Đức,"Khu phố 5, Phường Hiệp Bình Phước, Quận Thủ Đức, Tp Hồ Chí Minh",Vạn Phúc Riverside City,[],[],[],[],103 m²,370 m²,4 phòng,4 phòng,4,[],5 m,20.5 m,['Tây Nam'],[],['Đã có sổ'],['Nhà phố liền kề'],[],[],[],[],['Bàn giao thô'],[],[],[],[],"106,8 triệu/m²",11 tỷ- 103 m2đ
111,NHÀ 3 TẦNG NGAY PHẠM VĂN ĐỒNG 2 MẶT TIỀN,"Đường Phạm Văn Đồng, Phường Linh Trung, Quận Thủ Đức, Tp Hồ Chí Minh",[],[],[],[],[],100 m²,100 m²,6 phòng,6 phòng,[],[],5 m,20 m,['Đông Nam'],[],[],['Nhà phố liền kề'],[],[],[],[],[],[],[],[],[],53 triệu/m²,"5,3 tỷ- 100 m2đ"
112,NHÀ 3.5 TẤM_4X17M_22LX/CẦU TRƯỜNG THỌ_PHẠM V ĐỒNG,"Phạm văn Đồng, Phường Trường Thọ, Quận Thủ Đức, Tp Hồ Chí Minh",[],[],[],[],[],66 m²,218 m²,4 phòng,4 phòng,4,[],4 m,17 m,[],[],['Đã có sổ'],['Nhà phố liền kề'],[],[],[],[],[],[],[],['Hẻm xe hơi'],[],"80,3 triệu/m²","5,3 tỷ- 66 m2đ"
113,NHÀ 3 LẦU_CẦU VƯỢT GÒ DƯA_TAM BÌNH_4X16M_GIÁ RẺ,"Đường Gò Dưa, Phường Tam Bình, Quận Thủ Đức, Tp Hồ Chí Minh",[],[],[],[],[],64 m²,205 m²,4 phòng,4 phòng,3,[],4 m,16 m,[],[],['Đã có sổ'],['Nhà phố liền kề'],[],[],[],[],[],[],[],['Hẻm xe hơi'],[],"70,31 triệu/m²","4,5 tỷ- 64 m2đ"
114,Nhà Riêng Ngay Chợ Hiệp Bình 2 tầng 54m2 Sổ Hồng,Đường Phạm Văn Đồng,[],[],[],[],[],54 m²,100 m²,3 phòng,2 phòng,2,[],3.6 m,15 m,[],[],['Đã có sổ'],['Nhà phố liền kề'],[],[],[],[],[],[],[],['Hẻm xe hơi'],[],"71,3 triệu/m²","3,85 tỷ- 54 m2đ"
115,"nhà 1t1l hẻm thông xe hơi, giáp kdc Hồng Long","Đường 606, Phường Hiệp Bình Phước, Quận Thủ Đức, Tp Hồ Chí Minh",[],[],[],[],[],50 m²,100 m²,2 phòng,2 phòng,2,[],4.5 m,11.2 m,['Bắc'],[],['Đã có sổ'],['Nhà phố liền kề'],[],[],[],[],['Nội thất đầy đủ'],[],[],['Hẻm xe hơi'],[],93 triệu/m²,"4,65 tỷ- 50 m2đ"
116,NHÀ 1T2L LINH ĐÔNG NGANG 5.5M XE HƠI ĐỂ TRONG NHÀ,"Đường số 22, Phường Linh Đông, Quận Thủ Đức, Tp Hồ Chí Minh",[],[],[],[],[],60 m²,180 m²,4 phòng,5 phòng,3,[],5.5 m,11 m,['Tây Bắc'],[],['Đã có sổ'],['Nhà phố liền kề'],[],[],[],[],['Nội thất cao cấp'],[],[],['Hẻm xe hơi'],[],95 triệu/m²,"5,7 tỷ- 60 m2đ"
117,Nhà phố 1 trệt 3 Lầu xe hơi Linh Đông - PV Đồng,"đường 22, Phường Linh Đông, Quận Thủ Đức, Tp Hồ Chí Minh",[],[],[],[],[],60 m²,200 m²,7 phòng,Nhiều hơn 6 phòng,[],[],4 m,15 m,[],[],['Đã có sổ'],['Nhà phố liền kề'],[],[],[],[],[],[],[],['Hẻm xe hơi'],[],"80,83 triệu/m²","4,85 tỷ- 60 m2đ"
118,"Chính chủ bán nhà biệt thự Linh Trung, hoàng diệu2","19, Đường 8, Phường Linh Trung, Quận Thủ Đức, Tp Hồ Chí Minh",[],[],[],[],[],223 m²,300 m²,3 phòng,2 phòng,[],[],8 m,28 m,['Tây Nam'],[],['Đã có sổ'],['Nhà biệt thự'],[],[],[],[],[],[],[],"['Hẻm xe hơi', 'Nở hậu']",[],"62,78 triệu/m²",14 tỷ- 223 m2đ
119,Nhà Biệt thự Phạm Văn Đồng DT 123m2 khu Phú Nhuận,"Đường Phạm Văn Đồng, Phường Hiệp Bình Chánh, Quận Thủ Đức, Tp Hồ Chí Minh",[],[],[],[],[],123 m²,360 m²,3 phòng,4 phòng,3,[],7 m,18 m,[],[],['Đã có sổ'],['Nhà biệt thự'],[],[],[],[],[],[],[],[],[],"95,12 triệu/m²","11,7 tỷ- 123 m2đ"
120,BÁN NHÀ 52M2 - KDC THÀNH UỶ - ĐS18 PHẠM VĂN ĐỒNG,"Đường Số 18, Phường Hiệp Bình Chánh, Quận Thủ Đức, Tp Hồ Chí Minh",[],[],[],[],[],52 m²,160 m²,4 phòng,3 phòng,3,[],4 m,13 m,['Bắc'],[],['Đã có sổ'],['Nhà phố liền kề'],[],[],[],[],['Hoàn thiện cơ bản'],[],[],['Hẻm xe hơi'],[],"130,77 triệu/m²","6,8 tỷ- 52 m2đ"
121,NHÀ 2 LẦU HBC- 150M2 -SÂN 4XH -VIEW SÔNG TRỰC DIỆN,"Đường Hiệp Bình, Phường Hiệp Bình Chánh, Quận Thủ Đức, Tp Hồ Chí Minh",[],[],[],[],[],150 m²,180 m²,4 phòng,4 phòng,3,[],4.3 m,35 m,[],[],['Đã có sổ'],['Nhà phố liền kề'],[],[],[],[],['Hoàn thiện cơ bản'],[],[],['Hẻm xe hơi'],[],"49,93 triệu/m²","7,49 tỷ- 150 m2đ"
122,Bán Nhà 3 Lầu Đường số 3 Trường Thọ . Giá 6 Tỷ,"Đường Số 3, Phường Trường Thọ, Quận Thủ Đức, Tp Hồ Chí Minh",[],[],[],[],[],57 m²,192 m²,4 phòng,4 phòng,[],[],4.8 m,11.3 m,[],[],['Đã có sổ'],['Nhà phố liền kề'],[],[],[],[],[],[],[],['Hẻm xe hơi'],[],"105,26 triệu/m²",6 tỷ- 57 m2đ
123,VILLA TP. THỦ ĐỨC GIÁ DƯỚI SÀN,"Khu phố 5, Phường Hiệp Bình Phước, Quận Thủ Đức, Tp Hồ Chí Minh",[],VILLA 001,khu phố 6,[],[],175 m²,125 m²,5 phòng,4 phòng,3,[],7 m,23 m,['Đông Bắc'],[],['Đã có sổ'],['Nhà biệt thự'],[],[],[],[],['Nội thất cao cấp'],[],[],"['Hẻm xe hơi', 'Nở hậu']",[],"87,43 triệu/m²","15,3 tỷ- 175 m2đ"
124,NHÀ 4 LẦU -61M2 - HXH 6M - NGAY SÁT CHỢ HIỆP BÌNH,"Đường Hiệp Bình, Phường Hiệp Bình Chánh, Quận Thủ Đức, Tp Hồ Chí Minh",[],[],[],[],[],61 m²,220 m²,4 phòng,5 phòng,4,[],4 m,15 m,['Đông'],[],['Đã có sổ'],['Nhà phố liền kề'],[],[],[],[],['Nội thất cao cấp'],[],[],['Hẻm xe hơi'],[],"108,03 triệu/m²","6,59 tỷ- 61 m2đ"
125,"Bán gấp căn biệt thự 223m2 đ8 Linh Trung, thủ đức","đường số 8, Phường Linh Trung, Quận Thủ Đức, Tp Hồ Chí Minh",[],[],[],[],[],223 m²,218 m²,5 phòng,5 phòng,[],[],8 m,30 m,[],[],[],['Nhà biệt thự'],[],[],[],[],[],[],[],[],[],"62,78 triệu/m²",14 tỷ- 223 m2đ
126,"Nhà trệt 2 lầu đường 8, p. Hiệp Bình Phước","Đường Số 8, Phường Hiệp Bình Phước, Quận Thủ Đức, Tp Hồ Chí Minh",[],[],[],[],[],54 m²,138.8 m²,4 phòng,3 phòng,[],[],4 m,13.5 m,['Đông Nam'],[],['Đã có sổ'],['Nhà phố liền kề'],[],[],[],[],['Nội thất cao cấp'],[],[],['Hẻm xe hơi'],[],97.222 đ/m²,"5,25 triệu- 54 m2đ"
127,"Bán Nhà CChủ, HXH,Cây Keo,T Đức,4 Tỷ 560 ,52m2","Đường Cây Keo, Phường Tam Phú, Quận Thủ Đức, Tp Hồ Chí Minh",[],[],[],[],[],52 m²,[],3 phòng,[],[],[],[],[],[],[],['Đã có sổ'],['Nhà phố liền kề'],[],[],[],[],[],[],[],['Hẻm xe hơi'],[],"89,42 triệu/m²","4,65 tỷ- 52 m2đ"
128,"BIỆT THỰ CAO CẤP,ĐƯỜNG 17,P.HBC,Q.TĐ,SÁT GIGAMALL","Đường 17, Phường Hiệp Bình Chánh, Quận Thủ Đức, Tp Hồ Chí Minh",[],[],[],[],[],210 m²,450 m²,5 phòng,4 phòng,[],[],7 m,30 m,[],[],['Đã có sổ'],['Nhà biệt thự'],[],[],[],[],['Nội thất cao cấp'],[],[],['Hẻm xe hơi'],[],"95,24 triệu/m²",20 tỷ- 210 m2đ
129,Bán nhà đường 8 khu dân cư Hồng Long hiệp Bình,"Đường 8, Phường Hiệp Bình Phước, Quận Thủ Đức, Tp Hồ Chí Minh",[],[],[],[],[],54 m²,[],4 phòng,4 phòng,[],[],[],[],[],[],['Đã có sổ'],['Nhà phố liền kề'],[],[],[],[],[],[],[],[],[],"90,74 triệu/m²","4,9 tỷ- 54 m2đ"
130,"Bán gấp nhà mặt tiền đg nội bộ, Phường Linh Đông.","Đường Phạm Văn Đồng, Phường Linh Đông, Quận Thủ Đức, Tp Hồ Chí Minh",[],[],[],[],[],56 m²,197.2 m²,4 phòng,3 phòng,2,[],4 m,14 m,['Tây Bắc'],[],['Đã có sổ'],['Nhà phố liền kề'],[],[],[],[],['Hoàn thiện cơ bản'],[],[],['Hẻm xe hơi'],[],"123,21 triệu/m²","6,9 tỷ- 56 m2đ"
131,"Biệt thự 2MT KDC Hồng Long,P.Hiệp Bình Phước, QTĐ","Đường Số 3, Phường Hiệp Bình Phước, Quận Thủ Đức, Tp Hồ Chí Minh",[],[],[],[],[],124 m²,275 m²,5 phòng,4 phòng,2,[],8.19 m,16.2 m,['Nam'],[],['Đã có sổ'],['Nhà biệt thự'],[],[],[],[],['Nội thất đầy đủ'],[],[],[],[],"84,68 triệu/m²","10,5 tỷ- 124 m2đ"
132,Nhà 2 lầu sử dụng 50m2 sàn giá tốt ngay P.Linh Tây,"Đường Số 9, Phường Linh Tây, Quận Thủ Đức, Tp Hồ Chí Minh",[],[],[],[],[],25 m²,50 m²,2 phòng,2 phòng,2,[],3.1 m,8 m,[],[],['Đã có sổ'],['Nhà phố liền kề'],[],[],[],[],[],[],[],[],[],"95,2 triệu/m²","2,38 tỷ- 25 m2đ"
133,Mặt tiền Shophouse 6 tầng Vạn Phúc Thủ Đức,"Khu phố 5, Phường Hiệp Bình Phước, Quận Thủ Đức, Tp Hồ Chí Minh",Vạn Phúc Riverside City,[],[],[],[],100 m²,550 m²,5 phòng,6 phòng,6,[],5 m,20 m,['Tây Bắc'],[],['Đã có sổ'],['Nhà phố liền kề'],[],[],[],[],['Bàn giao thô'],[],[],[],[],138 triệu/m²,"13,8 tỷ- 100 m2đ"
134,NHÀ MỚI 3L - HXH 6M - NGAY CẦU Ô DẦU- 5TỶ150 TL,"Đường Số 4, Phường Hiệp Bình Phước, Quận Thủ Đức, Tp Hồ Chí Minh",[],[],[],[],[],53 m²,180 m²,4 phòng,4 phòng,3,[],4 m,13 m,[],[],['Đã có sổ'],['Nhà phố liền kề'],[],[],[],[],['Nội thất cao cấp'],[],[],['Hẻm xe hơi'],[],"97,17 triệu/m²","5,15 tỷ- 53 m2đ"
135,Nhà đường số 7 linh trung.1trệt. 2 lầu.dt 64m,"Dường Số 7, Phường Linh Trung, Quận Thủ Đức, Tp Hồ Chí Minh",[],[],[],[],[],64 m²,165 m²,3 phòng,3 phòng,2,[],4 m,16 m,['Tây Nam'],[],['Đã có sổ'],['Nhà phố liền kề'],[],[],[],[],[],[],[],['Hẻm xe hơi'],[],"81,25 triệu/m²","5,2 tỷ- 64 m2đ"
136,Cần bán căn biệt thự khu sông đà,"67, Đường Sô 4, Phường Hiệp Bình Chánh, Quận Thủ Đức, Tp Hồ Chí Minh",[],[],[],[],[],200 m²,200 m²,4 phòng,5 phòng,[],[],10 m,20 m,['Đông Nam'],[],['Đã có sổ'],['Nhà biệt thự'],[],[],[],[],[],[],[],['Hẻm xe hơi'],[],"72,5 triệu/m²","14,5 tỷ- 200 m2đ"
137,"NHÀ 3 LẦU, 4X18M_GẦN CẦU VƯỢT BÌNH PHƯỚC_QUỐC L 13","Đường Quốc Lộ 13, Phường Hiệp Bình Phước, Quận Thủ Đức, Tp Hồ Chí Minh",[],[],[],[],[],72 m²,218 m²,4 phòng,5 phòng,3,[],4 m,18 m,[],[],['Đã có sổ'],['Nhà phố liền kề'],[],[],[],[],[],[],[],['Hẻm xe hơi'],[],"56,94 triệu/m²","4,1 tỷ- 72 m2đ"
138,"Nhà Trệt 2 Lầu, đường 12- Tam Bình- Thủ Đức","Đường 12, Phường Tam Bình, Quận Thủ Đức, Tp Hồ Chí Minh",[],[],[],[],[],57 m²,160 m²,4 phòng,5 phòng,[],[],4 m,14 m,['Bắc'],[],['Đã có sổ'],['Nhà phố liền kề'],[],[],[],[],['Nội thất đầy đủ'],[],[],['Hẻm xe hơi'],[],"86,84 triệu/m²","4,95 tỷ- 57 m2đ"
139,Nhà cấp 4 giá rẻ 56 m Linh Xuân Thủ Đức,"113/39/9, Đường Số 11, Phường Linh Xuân, Quận Thủ Đức, Tp Hồ Chí Minh",[],[],Khu dân cư hiện hưu,[],[],48 m²,56 m²,3 phòng,2 phòng,1,[],4 m,12 m,['Nam'],[],['Đã có sổ'],['Nhà phố liền kề'],[],[],[],[],[],[],[],[],[],"55,21 triệu/m²","2,65 tỷ- 48 m2đ"
140,Nhà phố sổ riêng 60m2 giá rẻ ngay chợ Thủ Đức,"Đường Đặng Văn Bi, Phường Trường Thọ, Quận Thủ Đức, Tp Hồ Chí Minh",[],[],[],[],[],60 m²,180 m²,4 phòng,4 phòng,[],[],4 m,15 m,[],[],['Đã có sổ'],['Nhà phố liền kề'],[],[],[],[],[],[],[],[],[],"101,67 triệu/m²","6,1 tỷ- 60 m2đ"
141,Nhà mới gần chợ thuận tiện buôn bán kinh doanh,"Đường số 8, KP2, Hiệp Bình Chánh, Thủ Đức, Phường Hiệp Bình Chánh, Quận Thủ Đức, Tp Hồ Chí Minh",[],24,"số 24 đường số 8, KP2, HBC, Thủ Đức",[],[],57 m²,57 m²,3 phòng,4 phòng,3,[],5 m,12 m,['Tây Bắc'],[],['Đã có sổ'],['Nhà phố liền kề'],[],[],[],[],['Nội thất cao cấp'],[],[],['Hẻm xe hơi'],[],"110,53 triệu/m²","6,3 tỷ- 57 m2đ"
142,Nhà 3 lầu+ lửng 85m2 sàn ngay trung tâm Linh Chiểu,"Đường Số 19, Phường Linh Chiểu, Quận Thủ Đức, Tp Hồ Chí Minh",[],[],[],[],[],24 m²,85 m²,3 phòng,2 phòng,3,[],3.2 m,7.5 m,[],[],['Đã có sổ'],['Nhà phố liền kề'],[],[],[],[],[],[],[],[],[],125 triệu/m²,3 tỷ- 24 m2đ
143,"Nhà Biệt Thự 2 Lầu, Đường 25, Quận Thủ Đức!","Đường 25, Phường Hiệp Bình Chánh, Quận Thủ Đức, Tp Hồ Chí Minh",[],[],[],[],[],204 m²,700 m²,6 phòng,Nhiều hơn 6 phòng,2,[],10 m,20.4 m,['Tây Nam'],[],['Đã có sổ'],['Nhà biệt thự'],[],[],[],[],['Nội thất cao cấp'],[],[],[],[],"122,55 triệu/m²",25 tỷ- 204 m2đ
144,"Bán nhà 1T 2L đường cây keo tam bình, thủ đức","cây keo, Phường Tam Bình, Quận Thủ Đức, Tp Hồ Chí Minh",[],[],[],[],[],52 m²,145 m²,4 phòng,3 phòng,[],[],4 m,13 m,[],[],['Đã có sổ'],['Nhà phố liền kề'],[],[],[],[],['Nội thất cao cấp'],[],[],['Hẻm xe hơi'],[],"89,42 triệu/m²","4,65 tỷ- 52 m2đ"
145,Nhà phố Hiệp Bình Phước - Thủ Đức (đối diện UBND),"766/14/, Đường Quốc Lộ 13, Phường Hiệp Bình Phước, Quận Thủ Đức, Tp Hồ Chí Minh",[],[],[],[],[],67.2 m²,87.2 m²,2 phòng,1 phòng,[],[],4 m,16.8 m,['Tây'],[],['Đã có sổ'],['Nhà phố liền kề'],[],[],[],[],['Bàn giao thô'],[],[],['Hẻm xe hơi'],[],"52,24 triệu/m²","3,5 tỷ- 67.2 m2đ"
146,"Nhà phố 162m2 đường Linh Trung, quận Thủ Đức","Đường Linh Trung, Phường Linh Trung, Quận Thủ Đức, Tp Hồ Chí Minh",[],[],[],[],[],162 m²,162 m²,4 phòng,3 phòng,[],[],[],[],[],[],[],['Nhà phố liền kề'],[],[],[],[],[],[],[],[],[],"29,94 triệu/m²","4,85 tỷ- 162 m2đ"
147,Nhà Gần chợ Đầu Mối Thủ Đức.DT 5x20. Sổ hồng riêng,"17, Đường Số 6, Phường Bình Chiểu, Quận Thủ Đức, Tp Hồ Chí Minh",[],[],[],[],[],100 m²,100 m²,4 phòng,5 phòng,[],[],5 m,20 m,['Đông Nam'],[],['Đã có sổ'],['Nhà phố liền kề'],[],[],[],[],[],[],[],['Hẻm xe hơi'],[],58 triệu/m²,"5,8 tỷ- 100 m2đ"
148,Mộ đẹp giá tốt giá từ 20 đến 30 triệu. đen ấn độ.,"140, Lê Thị Hoa, Phường Bình Chiểu, Quận Thủ Đức, Tp Hồ Chí Minh",[],[],[],[],[],2 m²,2 m²,1 phòng,[],[],[],[],[],['Đông'],[],['Giấy tờ khác'],['Nhà phố liền kề'],[],[],[],[],[],[],[],[],[],"8,5 triệu/m²",17 triệu- 2 m2đ
149,Bán nhà 3 lầu+ sân thượng đường số 22 linh đông,"Đường Số 22, Phường Linh Đông, Quận Thủ Đức, Tp Hồ Chí Minh",[],[],[],[],[],50 m²,200 m²,4 phòng,3 phòng,3,[],4.3 m,11.8 m,['Tây'],[],['Đã có sổ'],['Nhà phố liền kề'],[],[],[],[],[],[],[],['Hẻm xe hơi'],[],114 triệu/m²,"5,7 tỷ- 50 m2đ"
150,"Nhà 3 lầu siêu đẹp Đ Số 9, Linh Tây gần P V Đồng","Đường Số 9, Phường Linh Tây, Quận Thủ Đức, Tp Hồ Chí Minh",[],[],[],[],[],84 m²,114 m²,3 phòng,3 phòng,3,[],5 m,16.8 m,[],[],['Đã có sổ'],['Nhà phố liền kề'],[],[],[],[],[],[],[],['Hẻm xe hơi'],[],"69,05 triệu/m²","5,8 tỷ- 84 m2đ"
151,"Bán nhà phố liền kề ,ngay chợ Hiệp Bình ,cao cấp","Đường Số 36, Phường Hiệp Bình Chánh, Quận Thủ Đức, Tp Hồ Chí Minh",[],[],[],[],[],220 m²,220 m²,4 phòng,5 phòng,[],[],4 m,15 m,['Đông Bắc'],[],[],['Nhà phố liền kề'],[],[],[],[],['Nội thất đầy đủ'],[],[],['Hẻm xe hơi'],[],30 triệu/m²,"6,6 tỷ- 220 m2đ"
152,"Bán Nhà Phố Đường Số 17, Hiệp Bình Chánh Thủ Đức","Đường Số 17, Phường Hiệp Bình Chánh, Quận Thủ Đức, Tp Hồ Chí Minh",[],[],[],[],[],60 m²,240 m²,3 phòng,4 phòng,[],[],4 m,54 m,[],[],[],['Nhà phố liền kề'],[],[],[],[],[],[],[],[],[],"141,67 triệu/m²","8,5 tỷ- 60 m2đ"
153,"Nhà phố Tp Thủ Đức, Trung tâm-ngay Phạm Văn Đồng","Đường Số 2, Phường Trường Thọ, Quận Thủ Đức, Tp Hồ Chí Minh",[],[],[],[],[],50 m²,200 m²,4 phòng,4 phòng,[],[],4 m,12.5 m,[],[],[],['Nhà phố liền kề'],[],[],[],[],[],[],[],[],[],125 triệu/m²,"6,25 tỷ- 50 m2đ"
154,"Khách sạn 760m2, Đang Kinh Doanh,Hàn Thuyên Q.TĐ","Đường Hàn Thuyên, Phường Trường Thọ, Quận Thủ Đức, Tp Hồ Chí Minh",[],[],[],[],[],215 m²,760 m²,nhiều hơn 10 phòng,Nhiều hơn 6 phòng,[],[],10 m,21 m,[],[],['Đã có sổ'],['Nhà biệt thự'],[],[],[],[],[],[],[],[],[],"116,28 triệu/m²",25 tỷ- 215 m2đ
155,Nhà mặt tiền hẻm 17 đường 22 Linh Đông 5.7 tỷ,"Đường 22, Phường Linh Đông, Quận Thủ Đức, Tp Hồ Chí Minh",[],[],[],[],[],51 m²,172 m²,4 phòng,5 phòng,[],[],5 m,10 m,[],[],['Đã có sổ'],['Nhà phố liền kề'],[],[],[],[],['Nội thất cao cấp'],[],[],['Hẻm xe hơi'],[],"111,76 triệu/m²","5,7 tỷ- 51 m2đ"
156,"Biệt thự view đẹp Đường 25 HBC, bên Sông Sài Gòn.","Đường 25, Phường Hiệp Bình Chánh, Quận Thủ Đức, Tp Hồ Chí Minh",[],[],[],[],[],204 m²,[],3 phòng,[],[],[],[],[],[],[],['Đã có sổ'],['Nhà biệt thự'],[],[],[],[],[],[],[],['Hẻm xe hơi'],[],"122,55 triệu/m²",25 tỷ- 204 m2đ
157,Nhà đẹp giá mềm 1T2L ngay Phường Hiệp Bình Phước,"Đường Số 12, Phường Hiệp Bình Phước, Quận Thủ Đức, Tp Hồ Chí Minh",[],[],[],[],[],50 m²,150 m²,4 phòng,4 phòng,[],[],4 m,13 m,[],[],['Đã có sổ'],['Nhà phố liền kề'],[],[],[],[],[],[],[],['Hẻm xe hơi'],[],"77,8 triệu/m²","3,89 tỷ- 50 m2đ"
158,Biệt thự 1 trệt 2 lầu tại khu jamona thủ đức,"g20, Đường Quốc Lộ 13, Phường Hiệp Bình Phước, Quận Thủ Đức, Tp Hồ Chí Minh",[],G20,[],[],[],1 m²,[],5 phòng,[],[],[],[],[],[],[],['Đang chờ sổ'],['Nhà biệt thự'],[],[],[],[],[],[],[],['Hẻm xe hơi'],[],12 tỷ/m²,12 tỷ- 1 m2đ
159,Trả Nợ bán nhanh nhà72m2 sân rộng trong khu JAMONA,Đường 12,[],[],[],[],[],72 m²,150 m²,4 phòng,3 phòng,[],[],4 m,18 m,[],[],['Đã có sổ'],['Nhà phố liền kề'],[],[],[],[],['Nội thất cao cấp'],[],[],['Hẻm xe hơi'],[],"74,17 triệu/m²","5,34 tỷ- 72 m2đ"
160,"nhà 1 lầu LInh Tây Thủ Đức gần Kha Vạn Cân,chợ TĐ","đường số 4, Phường Linh Tây, Quận Thủ Đức, Tp Hồ Chí Minh",[],[],[],[],[],68 m²,140 m²,3 phòng,2 phòng,2,[],4.2 m,16.5 m,['Đông Nam'],[],['Đã có sổ'],['Nhà phố liền kề'],[],[],[],[],['Nội thất đầy đủ'],[],[],[],[],"63,97 triệu/m²","4,35 tỷ- 68 m2đ"
161,Nhà gần chợ Bình Triệu sân đổ oto ra GigaMall 5 ph,"Đường Số 11, Phường Hiệp Bình Chánh, Quận Thủ Đức, Tp Hồ Chí Minh",[],[],[],[],[],56 m²,[],4 phòng,[],[],[],[],[],[],[],['Đã có sổ'],['Nhà phố liền kề'],[],[],[],[],[],[],[],['Hẻm xe hơi'],[],"116,07 triệu/m²","6,5 tỷ- 56 m2đ"
162,"NHÀ 3.5 TẤM, 4X18M_5GA2/CẦU VƯỢT BÌNH PHƯỚC, QL 13","Đường Quốc Lộ 13, Phường Hiệp Bình Phước, Quận Thủ Đức, Tp Hồ Chí Minh",[],[],[],[],[],71 m²,226 m²,4 phòng,4 phòng,3,[],4.12 m,18 m,[],[],['Đã có sổ'],['Nhà phố liền kề'],[],[],[],[],[],[],[],['Hẻm xe hơi'],[],"57,04 triệu/m²","4,05 tỷ- 71 m2đ"
163,"NHÀ 3.5 TẤM, GẦN CẦU TRƯỜNG THỌ, ĐI CHỢ THỦ ĐỨC 3'","Đường Phạm Văn Đồng, Phường Trường Thọ, Quận Thủ Đức, Tp Hồ Chí Minh",[],[],[],[],[],66 m²,188 m²,4 phòng,4 phòng,3,[],4.3 m,15.7 m,[],[],['Đã có sổ'],['Nhà phố liền kề'],[],[],[],[],[],[],[],['Hẻm xe hơi'],[],"80,3 triệu/m²","5,3 tỷ- 66 m2đ"
164,Bán nhà quốc lộ 13,"Đường Quốc Lộ 13, Phường Hiệp Bình Phước, Quận Thủ Đức, Tp Hồ Chí Minh",[],[],[],[],[],30 m²,90 m²,3 phòng,3 phòng,[],[],3 m,10 m,[],[],[],['Nhà phố liền kề'],[],[],[],[],[],[],[],[],[],"61,67 triệu/m²","1,85 tỷ- 30 m2đ"
165,,,[],[],[],[],[],[],[],[],[],[],[],[],[],[],[],[],[],[],[],[],[],[],[],[],[],[],[],
166,,,[],[],[],[],[],[],[],[],[],[],[],[],[],[],[],[],[],[],[],[],[],[],[],[],[],[],[],
167,Biệc thự dĩ an,"44/15A, Đường 7, Phường Linh Xuân, Quận Thủ Đức, Tp Hồ Chí Minh",[],[],[],[],[],100 m²,100 m²,3 phòng,2 phòng,[],[],5 m,20 m,['Đông'],[],['Đã có sổ'],['Nhà biệt thự'],[],[],[],[],['Nội thất cao cấp'],[],[],['Hẻm xe hơi'],[],58 triệu/m²,"5,8 tỷ- 100 m2đ"
168,"Biệt thự 200m2 đường số 27, hbc, thủ đức","Đường Số 27, Phường Hiệp Bình Chánh, Quận Thủ Đức, Tp Hồ Chí Minh",[],[],[],[],[],198 m²,340 m²,4 phòng,5 phòng,[],[],9 m,22 m,[],[],['Đã có sổ'],['Nhà biệt thự'],[],[],[],[],['Nội thất cao cấp'],[],[],"['Hẻm xe hơi', 'Nở hậu']",[],"83,33 triệu/m²","16,5 tỷ- 198 m2đ"
169,Bán nhà chính chủ đường 14/2 hiệp bình chánh,"14/2, Đường 14, Phường Hiệp Bình Chánh, Quận Thủ Đức, Tp Hồ Chí Minh",[],[],[],[],[],51 m²,80 m²,2 phòng,2 phòng,[],[],4 m,13 m,['Tây'],[],['Đã có sổ'],['Nhà phố liền kề'],[],[],[],[],[],[],[],"['Hẻm xe hơi', 'Nở hậu']",[],"77,45 triệu/m²","3,95 tỷ- 51 m2đ"
170,Biệt Thự 2MT 360m2 Đường 3 Trường Thọ,"Đường 4, Phường Trường Thọ, Quận Thủ Đức, Tp Hồ Chí Minh",Chung Cư TDH - Trường Thọ,[],[],[],[],360 m²,500 m²,3 phòng,3 phòng,[],[],15 m,15 m,['Đông Nam'],[],['Đã có sổ'],['Nhà biệt thự'],[],[],[],[],[],[],[],[],[],"52,78 triệu/m²",19 tỷ- 360 m2đ
171,Bán Biệt Thự VIEW SÔNG 200M2 đường 12m HBC Thủ Đức,"Đường Phạm Văn Đồng, Phường Hiệp Bình Chánh, Quận Thủ Đức, Tp Hồ Chí Minh",[],[],[],[],[],200 m²,600 m²,4 phòng,4 phòng,4,[],10 m,21 m,[],[],['Đã có sổ'],['Nhà biệt thự'],[],[],[],[],['Nội thất cao cấp'],[],[],"['Hẻm xe hơi', 'Nở hậu']",[],"122,5 triệu/m²","24,5 tỷ- 200 m2đ"
172,Bán căn nhà trong dự án thăng long home hưng phú,"52, Tô Ngọc Vân, Phường Tam Phú, Quận Thủ Đức, Tp Hồ Chí Minh",[],[],[],[],[],100 m²,250 m²,4 phòng,4 phòng,[],[],5 m,20 m,[],[],[],['Nhà phố liền kề'],[],[],[],[],[],[],[],[],[],70 triệu/m²,7 tỷ- 100 m2đ
173,Nhà Phố Đặng Văn Bi khu đồng bộ công viên Thủ Đức,"Đường Đặng Văn Bi, Phường Trường Thọ, Quận Thủ Đức, Tp Hồ Chí Minh",[],[],[],[],[],60 m²,150 m²,4 phòng,5 phòng,3,[],5 m,12 m,[],[],['Đã có sổ'],['Nhà phố liền kề'],[],[],[],[],[],[],[],['Hẻm xe hơi'],[],100 triệu/m²,6 tỷ- 60 m2đ
174,"Bán Siêu Biệt Thự 250M2 Đường 17, Hiệp Bình Chánh","Đường 17, Phường Hiệp Bình Chánh, Quận Thủ Đức, Tp Hồ Chí Minh",[],[],[],[],[],250 m²,250 m²,4 phòng,4 phòng,[],[],7 m,35 m,[],[],['Đã có sổ'],['Nhà biệt thự'],[],[],[],[],[],[],[],[],[],88 triệu/m²,22 tỷ- 250 m2đ
175,"BÁN GẤP BIỆT THỰ NGAY ĐƯỜNG SỐ 2 TĐ, CHỈ 1TỶ388TR","Đường Số 2, Phường Hiệp Bình Phước, Quận Thủ Đức, Tp Hồ Chí Minh",[],[],[],[],[],71 m²,[],4 phòng,5 phòng,2,[],6 m,12 m,[],[],['Đã có sổ'],['Nhà biệt thự'],[],[],[],[],['Hoàn thiện cơ bản'],[],[],['Hẻm xe hơi'],[],"19,55 triệu/m²","1,388 tỷ- 71 m2đ"
176,Biệt Thự Mini 165m2.P Bình Thọ.Q Thủ Đức,"Đường Đặng Văn Bi, Phường Bình Thọ, Quận Thủ Đức, Tp Hồ Chí Minh",[],[],[],[],[],165 m²,[],6 phòng,6 phòng,[],[],[],[],[],[],['Đã có sổ'],['Nhà biệt thự'],[],[],[],[],[],[],[],['Hẻm xe hơi'],[],"72,73 triệu/m²",12 tỷ- 165 m2đ
177,"Cần bán căn Nhà 1 trệt, 1 lầu, 1 lửng thiết kế đep","hẻm 185 ngô Chí Quốc, Phường Bình Chiểu, Quận Thủ Đức, Tp Hồ Chí Minh",[],[],[],[],[],56 m²,150 m²,3 phòng,3 phòng,[],[],4 m,14 m,['Tây Bắc'],[],['Đã có sổ'],['Nhà phố liền kề'],[],[],[],[],[],[],[],['Hẻm xe hơi'],[],"66,07 triệu/m²","3,7 tỷ- 56 m2đ"
