,title,address,project_name,apartment_code,block_name,block_code,square,square_area,square_in_use,bedroom,wc,num_floor,floor,width,height,door,balcony,certificates,house_type,estate_type,office_type,apartment_type,status,furniture_status,estate_status,apartment_specific,house_specific,_type,price_m2,price_square
0,"Nhà Đường Hồ Biểu Chánh, Quận Phú Nhuận : T.kế đẹp","Đường Hồ Biểu Chánh, Phường 11, Quận Phú Nhuận, Tp Hồ Chí Minh",[],[],[],[],[],130 m²,[],3 phòng,4 phòng,4,[],[],[],['Đông Nam'],[],['Đã có sổ'],['Nhà phố liền kề'],[],[],[],[],[],[],[],['Nở hậu'],[],"44,62 triệu/m²","5,8 tỷ- 130 m2đ"
1,Nhà MT 6M 1761 Nguyễn Thượng Hiền 156M2 5 TẦNG,"=> Gọi 0833083123 & 0902187404, Xem Nhà Xu 13 Đức Thọ Hiền 4 42/44B Kiệm Đình 1277B Trần 136/24 Lê Nguyễn 608 Thượng, Phường 2, Quận Phú Nhuận, Tp Hồ Chí Minh",[],[],[],[],[],8765 m²,[],nhiều hơn 10 phòng,[],[],[],[],[],[],[],[],['Nhà phố liền kề'],[],[],[],[],[],[],[],[],['Cần mua'],570.450 đ/m²,5 tỷ- 8.765 m2đ
2,"Biệt thự đẹp đg Nguyễn Văn Trỗi, P.15, Phú Nhuận","Đường Cư xá Nguyễn Văn Trỗi, Phường 15, Quận Phú Nhuận, Tp Hồ Chí Minh",[],[],[],[],[],130 m²,350 m²,4 phòng,5 phòng,[],[],10 m,13 m,['Đông Nam'],[],['Đã có sổ'],['Nhà biệt thự'],[],[],[],[],['Nội thất cao cấp'],[],[],['Hẻm xe hơi'],[],"230,77 triệu/m²",30 tỷ- 130 m2đ
3,"Nhà mới xây 3 lầu 4x7m, ngay PXL giá: 3.39 tỷ","Đường Phan Xích Long, Phường 7, Quận Phú Nhuận, Tp Hồ Chí Minh",[],[],[],[],[],26 m²,99 m²,3 phòng,4 phòng,[],[],4 m,7 m,[],[],[],['Nhà phố liền kề'],[],[],[],[],[],[],[],[],[],"128,42 triệu/m²","3,339 tỷ
GIÁ TỐT
- 26 m2đ"
4,"Biệt Thự 270m2,mặt tiền Phú Nhuận,nhỉnh 230tr/m2","Đường Nguyễn Đình Chính, Phường 11, Quận Phú Nhuận, Tp Hồ Chí Minh",[],[],[],[],[],270 m²,270 m²,8 phòng,Nhiều hơn 6 phòng,4,[],8 m,36 m,[],[],['Đã có sổ'],['Nhà biệt thự'],[],[],[],[],['Nội thất cao cấp'],[],[],['Nở hậu'],[],"237,04 triệu/m²",64 tỷ- 270 m2đ
5,"Biệt Thự 270m2,mặt tiền Phú Nhuận,nhỉnh 230tr/m2","Đường Nguyễn Đình Chính, Phường 11, Quận Phú Nhuận, Tp Hồ Chí Minh",[],[],[],[],[],270 m²,270 m²,8 phòng,Nhiều hơn 6 phòng,4,[],8 m,36 m,[],[],['Đã có sổ'],['Nhà biệt thự'],[],[],[],[],['Nội thất cao cấp'],[],[],['Nở hậu'],[],"237,04 triệu/m²",64 tỷ- 270 m2đ
6,"Nhà đep 1 trệt 1 lầu, 40m2, nở hâu. .","20/36, Đường Cô Bắc, Phường 1, Quận Phú Nhuận, Tp Hồ Chí Minh",[],[],[],[],[],40 m²,78 m²,2 phòng,2 phòng,[],[],[],12 m,['Tây Bắc'],[],['Đã có sổ'],['Nhà phố liền kề'],[],[],[],[],['Nội thất đầy đủ'],[],[],"['Hẻm xe hơi', 'Nở hậu']",[],190 triệu/m²,"7,6 tỷ- 40 m2đ"
7,Nhà HXH 247A Huỳnh Văn Bánh DT;38m2 giá 10.4 tỷ.,"Đường Huỳnh Văn Bánh, Phường 12, Quận Phú Nhuận, Tp Hồ Chí Minh",[],[],[],[],[],38 m²,169 m²,6 phòng,4 phòng,[],[],3.4 m,11.5 m,[],[],['Đã có sổ'],['Nhà phố liền kề'],[],[],[],[],[],[],[],['Hẻm xe hơi'],[],"273,68 triệu/m²","10,4 tỷ- 38 m2đ"
8,Biệt thự HXH gần Hoàng Văn Thụ 204m2 5L 23.7 tỷ,"Đường Hoàng Văn Thụ, Phường 9, Quận Phú Nhuận, Tp Hồ Chí Minh",[],[],[],[],[],204 m²,[],8 phòng,Nhiều hơn 6 phòng,[],[],[],[],[],[],[],['Nhà biệt thự'],[],[],[],[],[],[],[],[],[],"116,18 triệu/m²","23,7 tỷ- 204 m2đ"
9,"Bán nhà HXH Cù Lao,Q. Phú Nhuận. DT: 7,6 x 21m","Đường Cù Lao, Phường 2, Quận Phú Nhuận, Tp Hồ Chí Minh",[],[],[],[],[],152 m²,152 m²,1 phòng,1 phòng,[],[],7.6 m,21 m,[],[],[],['Nhà biệt thự'],[],[],[],[],[],[],[],[],[],"164,47 triệu/m²",25 tỷ- 152 m2đ
10,"Bán căn 2Mt hxh Nguyễn Văn Trỗi,51m2-5 tầng-12tỷ!","Đường Nguyễn Văn Trỗi, Phường 10, Quận Phú Nhuận, Tp Hồ Chí Minh",[],[],[],[],[],51 m²,[],4 phòng,[],5,[],[],[],[],[],['Đã có sổ'],['Nhà phố liền kề'],[],[],[],[],[],[],[],['Hẻm xe hơi'],[],"235,29 triệu/m²",12 tỷ- 51 m2đ
11,,,[],[],[],[],[],[],[],[],[],[],[],[],[],[],[],[],[],[],[],[],[],[],[],[],[],[],[],
12,Biệt Thự Mặt Tiền Hoa Mai Phú Nhuận Đang Cho Thuê,"Đường Hoa Mai, Phường 2, Quận Phú Nhuận, Tp Hồ Chí Minh",[],[],[],[],[],144 m²,[],6 phòng,6 phòng,[],[],8 m,18 m,[],[],['Đã có sổ'],['Nhà biệt thự'],[],[],[],[],[],[],[],[],[],"57,99 triệu/m²","8,35 tỷ- 144 m2đ"
13,"Biệt Thự Mặt Tiền Trần Huy Liệu 300m2, 5Tầng, 60Tỷ","Đường Trần Huy Liệu, Phường 11, Quận Phú Nhuận, Tp Hồ Chí Minh",[],[],[],[],[],300 m²,300 m²,8 phòng,Nhiều hơn 6 phòng,5,[],10 m,30 m,[],[],['Đã có sổ'],['Nhà biệt thự'],[],[],[],[],['Nội thất cao cấp'],[],[],[],[],200 triệu/m²,60 tỷ- 300 m2đ
14,BIỆT THỰ MINI ĐẸP 4lầu TT Phú nhuận CẦN BÁN,"Đường Nguyễn Đình Chiểu, Phường 3, Quận Phú Nhuận, Tp Hồ Chí Minh",[],[],[],[],[],88.6 m²,320 m²,5 phòng,6 phòng,4,[],4 m,22 m,['Bắc'],[],['Đã có sổ'],['Nhà biệt thự'],[],[],[],[],['Nội thất cao cấp'],[],[],['Hẻm xe hơi'],[],"178,41 triệu/m²","15,7 tỷ- 88.6 m2đ"
15,"Hxh Phan Đăng Lưu - PN, 48m2 × 2 tầng, N 4m 6,7tỷ","Đường Phan Đăng Lưu, Phường 3, Quận Phú Nhuận, Tp Hồ Chí Minh",[],[],[],[],[],48 m²,96 m²,3 phòng,2 phòng,[],[],4 m,12 m,[],[],['Đã có sổ'],['Nhà phố liền kề'],[],[],[],[],[],[],[],['Hẻm xe hơi'],[],"139,58 triệu/m²","6,7 tỷ- 48 m2đ"
16,Bán Nhà FULL nội thất cao cấp đường Đào Duy Anh,"Đường Đào Duy Anh, Phường 9, Quận Phú Nhuận, Tp Hồ Chí Minh",[],[],[],[],[],126.5 m²,96.2 m²,7 phòng,Nhiều hơn 6 phòng,[],[],4 m,5 m,[],[],['Đã có sổ'],['Nhà biệt thự'],[],[],[],[],['Nội thất cao cấp'],[],[],"['Hẻm xe hơi', 'Nở hậu']",[],"142,86 triệu/m²",18 tỷ- 126.5 m2đ
17,,,[],[],[],[],[],[],[],[],[],[],[],[],[],[],[],[],[],[],[],[],[],[],[],[],[],[],[],
18,Bể nợ bángấp biệt thự mini Huỳnh Văn Bánh giá 2tỷ,"Đường Huỳnh Văn Bánh, Phường 11, Quận Phú Nhuận, Tp Hồ Chí Minh",[],[],[],[],[],120 m²,240 m²,3 phòng,4 phòng,1,[],6 m,20 m,[],[],['Đã có sổ'],['Nhà biệt thự'],[],[],[],[],[],[],[],['Hẻm xe hơi'],[],"16,67 triệu/m²",2 tỷ- 120 m2đ
19,"BÁN BIỆT THỰ 2MT KHU GIA HÒA ,ĐƯỜNG ĐỖ XUÂN HỢP Q9","Đường Lê Văn Sỹ, Phường 1, Quận Phú Nhuận, Tp Hồ Chí Minh",[],[],[],[],[],200 m²,[],4 phòng,5 phòng,[],[],10 m,20 m,[],[],['Đã có sổ'],['Nhà biệt thự'],[],[],[],[],[],[],[],[],[],80 triệu/m²,16 tỷ- 200 m2đ
20,8x16 Biệt Thự KV Phan Xích Long 1 trệt 2 lầu 40 tỷ,"đường phan xích long, Phường 2, Quận Phú Nhuận, Tp Hồ Chí Minh",[],[],[],[],[],132 m²,[],7 phòng,3 phòng,[],[],8 m,16 m,[],[],['Đã có sổ'],['Nhà biệt thự'],[],[],[],[],[],[],[],"['Hẻm xe hơi', 'Nở hậu']",[],"303,03 triệu/m²",40 tỷ- 132 m2đ
21,"Xem bói phong thuỷ đất đai, mua nhà vong âm","Đường Phan Đăng Lưu, Phường 5, Quận Phú Nhuận, Tp Hồ Chí Minh",[],[],ho chi minh,[],[],10100 m²,100 m²,1 phòng,1 phòng,2,[],100 m,100 m,['Tây Bắc'],[],['Giấy tờ khác'],['Nhà phố liền kề'],[],[],[],[],['Hoàn thiện cơ bản'],[],[],[],[],99.009 đ/m²,1 tỷ- 10.100 m2đ
22,"Nhà Thích Quảng Đức,Phú Nhuận hẻm xe tải, giá GVap","Đường Thích Quảng Đức, Phường 4, Quận Phú Nhuận, Tp Hồ Chí Minh",[],[],[],[],[],25 m²,[],2 phòng,3 phòng,[],[],[],[],[],[],['Đã có sổ'],['Nhà phố liền kề'],[],[],[],[],['Hoàn thiện cơ bản'],[],[],['Hẻm xe hơi'],[],126 triệu/m²,"3,15 tỷ- 25 m2đ"
23,"Phan Đăng Lưu - 4 Tầng - PNhuận - Siêu Hiếm 4,8 tỷ","Đường Phan Đăng Lưu, Phường 7, Quận Phú Nhuận, Tp Hồ Chí Minh",[],[],[],[],[],36 m²,144 m²,3 phòng,3 phòng,[],[],4.5 m,8 m,['Đông Nam'],[],[],['Nhà phố liền kề'],[],[],[],[],[],[],[],[],[],"133,33 triệu/m²","4,8 tỷ- 36 m2đ"
24,"Nhà mới xây, 1 trệt, 4 lầu, Hoàng Văn Thụ, Q.PN","Hẻm 1../., Đường Hoàng Văn Thụ, Phường 8, Quận Phú Nhuận, Tp Hồ Chí Minh",[],[],[],[],[],45 m²,225 m²,4 phòng,4 phòng,[],[],4 m,11 m,['Đông Nam'],[],['Đã có sổ'],['Nhà biệt thự'],[],[],[],[],['Nội thất cao cấp'],[],[],"['Hẻm xe hơi', 'Nở hậu']",[],"266,67 triệu/m²",12 tỷ- 45 m2đ
25,TIẾT KIỆM 3 TỶ TIỀN XÂY DỰNG CÓ VILLA 60M2 12 TỶ,"Đường Trương Quốc Dung, Phường 10, Quận Phú Nhuận, Tp Hồ Chí Minh",[],[],[],[],[],55 m²,300 m²,3 phòng,5 phòng,[],[],[],[],[],[],['Đã có sổ'],['Nhà biệt thự'],[],[],[],[],['Nội thất cao cấp'],[],[],"['Hẻm xe hơi', 'Nở hậu']",[],"218,18 triệu/m²",12 tỷ- 55 m2đ
26,"NHÀ 1 TRỆT, 2 LẦU, 1 SÂN THƯỢNG 57M2 P5, PHÚ NHUẬN",Đường Thích Quảng Đức,[],[],[],[],[],56 m²,53.8 m²,4 phòng,5 phòng,4,[],5.1 m,14 m,['Đông'],[],['Đã có sổ'],['Nhà phố liền kề'],[],[],[],[],['Nội thất cao cấp'],[],[],['Nở hậu'],[],"145,54 triệu/m²","8,15 tỷ- 56 m2đ"
27,,,[],[],[],[],[],[],[],[],[],[],[],[],[],[],[],[],[],[],[],[],[],[],[],[],[],[],[],
28,Kẹt vốn làm ăn cần bán gấp nhà Quận Phú Nhuận 70m²,"Đường Phan Xích Long, Phường 3, Quận Phú Nhuận, Tp Hồ Chí Minh",[],[],[],[],[],70 m²,140 m²,4 phòng,3 phòng,2,[],5 m,13 m,[],[],['Đã có sổ'],['Nhà phố liền kề'],[],[],[],[],[],[],[],"['Hẻm xe hơi', 'Nở hậu']",[],"35,71 triệu/m²","2,5 tỷ- 70 m2đ"
29,,,[],[],[],[],[],[],[],[],[],[],[],[],[],[],[],[],[],[],[],[],[],[],[],[],[],[],[],
30,Biệt thự mini khu Hoàng Hoa Thám. P5. Phú nhuận,"Đường Hoàng Hoa Thám, Phường 5, Quận Phú Nhuận, Tp Hồ Chí Minh",[],[],[],[],[],35 m²,172 m²,3 phòng,5 phòng,[],[],6 m,7 m,[],[],['Đã có sổ'],['Nhà biệt thự'],[],[],[],[],[],[],[],['Hẻm xe hơi'],[],"225,71 triệu/m²","7,9 tỷ- 35 m2đ"
31,"BIỆT THỰ MINI NGAY HOÀNG HOA THÁM,PN, GIÁ 1 TỶ 659","Đường Hoàng Hoa Thám, Phường 5, Quận Phú Nhuận, Tp Hồ Chí Minh",[],[],[],[],[],69 m²,[],4 phòng,5 phòng,2,[],6 m,11 m,[],[],['Đã có sổ'],['Nhà biệt thự'],[],[],[],[],['Nội thất đầy đủ'],[],[],['Hẻm xe hơi'],[],"24,04 triệu/m²","1,659 tỷ- 69 m2đ"
32,Bán nhà khu biệt thự Nguyễn trọng Tuyển 10 x 20 m,"298, Đường Nguyễn Trọng Tuyển, Phường 10, Quận Phú Nhuận, Tp Hồ Chí Minh",[],[],[],[],[],200 m²,200 m²,4 phòng,4 phòng,[],[],10 m,20 m,[],[],['Đã có sổ'],['Nhà biệt thự'],[],[],[],[],[],[],[],['Hẻm xe hơi'],[],185 triệu/m²,37 tỷ- 200 m2đ
33,Nhà hẻm nhựa xe hơi quay đầu 137 Lê Văn Sỹ 41.3m²,"Đường Lê Văn Sỹ, Phường 13, Quận Phú Nhuận, Tp Hồ Chí Minh",[],[],[],[],[],41.3 m²,80 m²,2 phòng,3 phòng,[],[],[],[],['Đông Nam'],[],[],['Nhà phố liền kề'],[],[],[],[],[],[],[],[],[],"117,07 triệu/m²","4,8 tỷ- 41.3 m2đ"
34,"Biệt thự phố 4L Hoàng Hoa Thám, q. PHÚ Nhuận 200m2","Đường Hoàng Hoa Thám, Phường 5, Quận Phú Nhuận, Tp Hồ Chí Minh",[],[],[],[],[],50 m²,200 m²,4 phòng,5 phòng,4,[],7 m,7 m,[],[],['Đã có sổ'],['Nhà biệt thự'],[],[],[],[],['Nội thất cao cấp'],[],[],"['Hẻm xe hơi', 'Nở hậu']",[],158 triệu/m²,"7,9 tỷ- 50 m2đ"
35,"BIỆT THỰ Q.Phú Nhuận 8 x 12, 5 tầng, 9 PN. Giá 21","Huỳnh văn bánh, Phường 8, Quận Phú Nhuận, Tp Hồ Chí Minh",[],[],[],[],[],100 m²,[],9 phòng,Nhiều hơn 6 phòng,[],[],8 m,12 m,[],[],[],['Nhà biệt thự'],[],[],[],[],[],[],[],[],[],210 triệu/m²,21 tỷ- 100 m2đ
36,"Bán nhà 159/8B Hoàng Văn Thụ, P.8, PN + Thang máy","Đường Hoàng Văn Thụ, Phường 8, Quận Phú Nhuận, Tp Hồ Chí Minh",[],[],[],[],[],45 m²,202 m²,8 phòng,Nhiều hơn 6 phòng,6,[],4 m,11 m,[],[],['Đã có sổ'],['Nhà phố liền kề'],[],[],[],[],['Nội thất cao cấp'],[],[],['Hẻm xe hơi'],[],"266,67 triệu/m²",12 tỷ- 45 m2đ
37,"Nhà 7 tầng× thang máy, phường8 Trung tâm Phú Nhuận","158/8, Đường Hoàng Văn Thụ, Phường 8, Quận Phú Nhuận, Tp Hồ Chí Minh",[],[],[],[],[],55 m²,350 m²,4 phòng,4 phòng,7,[],5 m,11 m,['Đông Bắc'],[],['Đã có sổ'],['Nhà biệt thự'],[],[],[],[],['Hoàn thiện cơ bản'],[],[],"['Hẻm xe hơi', 'Nở hậu']",[],"292,73 triệu/m²","16,1 tỷ- 55 m2đ"
38,"- Bán nhà hẻm 71/ Cô Giang, P1, Phú Nhuận..- Cách","Đường Cô Giang, Phường 1, Quận Phú Nhuận, Tp Hồ Chí Minh",[],[],[],[],[],30 m²,60 m²,2 phòng,1 phòng,[],[],3 m,10 m,[],[],['Đã có sổ'],['Nhà phố liền kề'],[],[],[],[],[],[],[],[],[],"128,33 triệu/m²","3,85 tỷ- 30 m2đ"
39,Nhà HXH cách MT Đặng Văn Ngữ 50m(9x12m có gara XH),"Đường Đặng Văn Ngữ, Phường 10, Quận Phú Nhuận, Tp Hồ Chí Minh",[],[],[],[],[],108 m²,314 m²,6 phòng,5 phòng,4,[],9 m,12 m,[],[],['Đã có sổ'],['Nhà biệt thự'],[],[],[],[],[],[],[],['Hẻm xe hơi'],[],150 triệu/m²,"16,2 tỷ- 108 m2đ"
40,Nhà MT 6M 1207 Phan Xích Long 408M2 5 TẦNG,"Gọi ĐT 0833083123 & 0902187404, 1277B Trần 136/24 Lê Nguyễn 608 Thượng Xu 13 Đình Đức Hiền 4 Thọ 42/44B Kiệm, Phường 12, Quận Phú Nhuận, Tp Hồ Chí Minh",[],[],[],[],[],8765 m²,[],nhiều hơn 10 phòng,[],[],[],[],[],[],[],[],['Nhà biệt thự'],[],[],[],[],[],[],[],[],['Cần mua'],969.766 đ/m²,"8,5 tỷ- 8.765 m2đ"
41,Nhà MT 6M 1877 Nguyễn Thượng Hiền 158M2 5 TẦNG,"Gọi ĐT 0833083123 & 0902187404, 1277B Trần 136/24 Lê Nguyễn 608 Thượng Xu 13 Đình Đức Hiền 4 Thọ 42/44B Kiệm, Phường 12, Quận Phú Nhuận, Tp Hồ Chí Minh",[],[],[],[],[],98765 m²,[],nhiều hơn 10 phòng,[],[],[],[],[],[],[],[],['Nhà phố liền kề'],[],[],[],[],[],[],[],[],['Cần mua'],50.625 đ/m²,5 tỷ- 98.765 m2đ
42,"Biệt Thự Sân Vườn,Hồ Biểu Chánh,Phường 11,Quận PN.","Đường Hồ Biểu Chánh, Phường 11, Quận Phú Nhuận, Tp Hồ Chí Minh",[],[],[],[],[],267 m²,[],8 phòng,Nhiều hơn 6 phòng,[],[],[],[],[],[],['Đã có sổ'],['Nhà biệt thự'],[],[],[],[],[],[],[],[],[],"243,45 triệu/m²",65 tỷ- 267 m2đ
43,BÁN NHÀ-ĐẶNG VĂN NGỮ-60m2-6TẦNG-GIÁ RẺ-NHÀ MỜI-ĐẸP,"Đường Đặng Văn Ngữ, Phường 10, Quận Phú Nhuận, Tp Hồ Chí Minh",[],[],[],[],[],60 m²,60 m²,4 phòng,5 phòng,6,[],6 m,10 m,[],[],['Đã có sổ'],['Nhà biệt thự'],[],[],[],[],['Nội thất cao cấp'],[],[],['Hẻm xe hơi'],[],"208,33 triệu/m²","12,5 tỷ- 60 m2đ"
44,"Nhà hẻm Vip Hoàng Diệu P10,Phú Nhuận,220m2 34,5tỷ","Đường Hoàng Diệu, Phường 10, Quận Phú Nhuận, Tp Hồ Chí Minh",[],[],[],[],[],220 m²,[],2 phòng,2 phòng,[],[],11 m,20 m,[],[],[],['Nhà biệt thự'],[],[],[],[],[],[],[],[],[],"156,82 triệu/m²","34,5 tỷ- 220 m2đ"
45,Biệt thự Hẻm 8m Nguyễn Văn Trỗi 280m2(8x36)bán 6tỷ,"Đường Nguyễn Văn Trỗi, Phường 3, Quận Phú Nhuận, Tp Hồ Chí Minh",[],[],[],[],[],280 m²,280 m²,8 phòng,Nhiều hơn 6 phòng,[],[],8 m,36 m,[],[],[],['Nhà biệt thự'],[],[],[],[],[],[],[],[],[],"242,86 triệu/m²",68 tỷ- 280 m2đ
46,Nhà phố 1 trệt 1 lầu 44m2 trung tâm Phú Nhuận,"Đường Thích Quảng Đức, Phường 5, Quận Phú Nhuận, Tp Hồ Chí Minh",[],[],[],[],[],22 m²,44 m²,2 phòng,2 phòng,[],[],[],[],['Đông Nam'],[],['Đã có sổ'],['Nhà phố liền kề'],[],[],[],[],[],[],[],[],[],175 triệu/m²,"3,85 tỷ- 22 m2đ"
47,Bán nhà Hồ Văn Huê p9 Phú Nhuận,"Đường Hồ Văn Huê, Phường 9, Quận Phú Nhuận, Tp Hồ Chí Minh",[],[],[],[],[],126 m²,504 m²,4 phòng,6 phòng,[],[],5 m,26 m,['Tây Nam'],[],['Đã có sổ'],['Nhà biệt thự'],[],[],[],[],['Nội thất đầy đủ'],[],[],['Hẻm xe hơi'],[],"277,78 triệu/m²",35 tỷ- 126 m2đ
48,"Nhà mới đẹp vuông vức, 1 trệt 2 lầu 2sân thượng","16/23s, Đường Đặng Văn Ngữ, Phường 10, Quận Phú Nhuận, Tp Hồ Chí Minh",[],[],[],[],[],42 m²,170 m²,4 phòng,5 phòng,[],[],4.2 m,12 m,[],[],['Đã có sổ'],['Nhà phố liền kề'],[],[],[],[],['Nội thất cao cấp'],[],[],['Hẻm xe hơi'],[],"164,29 triệu/m²","6,9 tỷ- 42 m2đ"
49,"Biệt thự Lam Sơn 8x22m, 4 lầu rất đẹp như hình","Đường Lam Sơn, Phường 7, Quận Phú Nhuận, Tp Hồ Chí Minh",[],[],[],[],[],162 m²,[],6 phòng,5 phòng,[],[],8 m,22 m,[],[],['Đã có sổ'],['Nhà biệt thự'],[],[],[],[],[],[],[],[],[],"162,35 triệu/m²","26,3 tỷ- 162 m2đ"
50,Nhà DTCN 21m2 Hẻm 28 Phan Tây Hồ,"Đường Phan Tây Hồ, Phường 7, Quận Phú Nhuận, Tp Hồ Chí Minh",[],[],[],[],[],21 m²,42 m²,2 phòng,2 phòng,[],[],[],[],[],[],['Đã có sổ'],['Nhà biệt thự'],[],[],[],[],[],[],[],['Nở hậu'],[],"126,19 triệu/m²","2,65 tỷ- 21 m2đ"
51,NHÀ PHỐ CAO CẤP PHÚ NHUẬN - BÊN TRONG SIÊU ĐẸP,"Đường Nguyễn Thượng Hiền, Phường 5, Quận Phú Nhuận, Tp Hồ Chí Minh",[],[],[],[],[],100 m²,[],3 phòng,3 phòng,[],[],5 m,20 m,[],[],[],['Nhà phố liền kề'],[],[],[],[],[],[],[],[],[],210 triệu/m²,21 tỷ- 100 m2đ
52,"NHÀ 1TRỆT, 3 LẦU, 106,8M2, PHAN TÂY HỒ, F7, TT PN","76/17/28, Đường Phan Tây Hồ, Phường 7, Quận Phú Nhuận, Tp Hồ Chí Minh",[],[],[],[],[],30.3 m²,106.8 m²,4 phòng,4 phòng,4,[],3.2 m,10 m,['Đông'],[],['Đã có sổ'],['Nhà phố liền kề'],[],[],[],[],[],[],[],['Nở hậu'],[],150 triệu/m²,"4,5 tỷ- 30.3 m2đ"
53,HXH gần MT Phú Nhuận DT42m2 (4.5 x 9.5m). 5.5tỷ,"Đường Phan Đình Phùng, Phường 7, Quận Phú Nhuận, Tp Hồ Chí Minh",[],[],[],[],[],42 m²,90 m²,2 phòng,2 phòng,[],[],5 m,10 m,[],[],['Đã có sổ'],['Nhà phố liền kề'],[],[],[],[],['Nội thất cao cấp'],[],[],"['Hẻm xe hơi', 'Nở hậu']",[],"130,95 triệu/m²","5,5 tỷ- 42 m2đ"
54,Bán Nhà Mặt Tiền đường Hoàng Diệu P10 Q Phú Nhuận,"Đường Hoàng Diệu, Phường 10, Quận Phú Nhuận, Tp Hồ Chí Minh",[],[],[],[],[],65 m²,220 m²,4 phòng,4 phòng,[],[],4 m,16 m,[],[],['Đã có sổ'],['Nhà biệt thự'],[],[],[],[],['Nội thất đầy đủ'],[],[],['Hẻm xe hơi'],[],"292,31 triệu/m²",19 tỷ- 65 m2đ
55,"Bán Nhà HXH Huỳnh Văn Bánh, p.14, Phú Nhuận","Đường Huỳnh Văn Bánh, Phường 14, Quận Phú Nhuận, Tp Hồ Chí Minh",[],[],[],[],[],22.4 m²,[],3 phòng,[],[],[],3.5 m,6.5 m,[],[],['Đã có sổ'],['Nhà phố liền kề'],[],[],[],[],[],[],[],['Hẻm xe hơi'],[],"229,55 triệu/m²","5,05 tỷ- 22.4 m2đ"
56,Phú Nhuận_55m2_2PN_P7_Phan Xích Long_Tầng 5_Đẹp*,"Đường Phan Xích Long, Phường 7, Quận Phú Nhuận, Tp Hồ Chí Minh",[],[],[],[],[],55 m²,[],2 phòng,1 phòng,[],[],[],[],['Đông Nam'],[],['Đã có sổ'],[],[],[],[],[],['Nội thất đầy đủ'],[],[],[],[],"49,98 triệu/m²","2,749 tỷ- 55 m2đ"
57,CCG biệt thự hơn 200m2 full thổ cư Hồ Văn Huê,"Đường Hồ Văn Huê, Phường 9, Quận Phú Nhuận, Tp Hồ Chí Minh",[],[],[],[],[],205 m²,[],8 phòng,Nhiều hơn 6 phòng,[],[],8 m,26 m,[],[],['Đã có sổ'],['Nhà biệt thự'],[],[],[],[],['Nội thất cao cấp'],[],[],['Hẻm xe hơi'],[],"121,95 triệu/m²",25 tỷ- 205 m2đ
58,Nhà đẹp HXH Lê Văn Sỹ P 13 Quận Phú Nhuận 41.3m²,"Đường Lê Văn Sỹ, Phường 13, Quận Phú Nhuận, Tp Hồ Chí Minh",[],[],[],[],[],41.3 m²,80 m²,2 phòng,3 phòng,3,[],[],[],['Đông Nam'],[],['Đã có sổ'],['Nhà phố liền kề'],[],[],[],[],['Nội thất cao cấp'],[],[],"['Hẻm xe hơi', 'Nở hậu']",[],"117,07 triệu/m²","4,8 tỷ- 41.3 m2đ"
